-- --------------------------------------------------------
-- Servidor:                     eurote42tcc.mysql.database.azure.com
-- Versão do servidor:           8.0.15 - Source distribution
-- OS do Servidor:               Win64
-- HeidiSQL Versão:              11.0.0.5919
-- --------------------------------------------------------

/*!40101 SET @OLD_CHARACTER_SET_CLIENT=@@CHARACTER_SET_CLIENT */;
/*!40101 SET NAMES utf8 */;
/*!50503 SET NAMES utf8mb4 */;
/*!40014 SET @OLD_FOREIGN_KEY_CHECKS=@@FOREIGN_KEY_CHECKS, FOREIGN_KEY_CHECKS=0 */;
/*!40101 SET @OLD_SQL_MODE=@@SQL_MODE, SQL_MODE='NO_AUTO_VALUE_ON_ZERO' */;


-- Copiando estrutura do banco de dados para eurote42_tcc
CREATE DATABASE IF NOT EXISTS `eurote42_tcc` /*!40100 DEFAULT CHARACTER SET latin1 */;
USE `eurote42_tcc`;

-- Copiando estrutura para tabela eurote42_tcc.tab_categorias
CREATE TABLE IF NOT EXISTS `tab_categorias` (
  `id` int(11) NOT NULL AUTO_INCREMENT,
  `categoria` varchar(30) CHARACTER SET utf8 COLLATE utf8_unicode_ci NOT NULL,
  PRIMARY KEY (`id`)
) ENGINE=InnoDB AUTO_INCREMENT=8 DEFAULT CHARSET=utf8 COLLATE=utf8_unicode_ci;

-- Copiando dados para a tabela eurote42_tcc.tab_categorias: ~6 rows (aproximadamente)
/*!40000 ALTER TABLE `tab_categorias` DISABLE KEYS */;
INSERT INTO `tab_categorias` (`id`, `categoria`) VALUES
	(1, 'infanto-juvenil'),
	(2, 'ficção'),
	(3, 'literatura brasileira'),
	(4, 'aprendizagens'),
	(5, 'suspense'),
	(6, 'romance');
/*!40000 ALTER TABLE `tab_categorias` ENABLE KEYS */;

-- Copiando estrutura para tabela eurote42_tcc.tab_emprestimos
CREATE TABLE IF NOT EXISTS `tab_emprestimos` (
  `id` int(11) NOT NULL AUTO_INCREMENT,
  `id_aluno` int(11) NOT NULL,
  `id_livro` int(11) NOT NULL,
  `numero_ticket` varchar(13) CHARACTER SET utf8 COLLATE utf8_unicode_ci NOT NULL,
  `data_emprestimo` date NOT NULL,
  `data_entrega` date NOT NULL,
  PRIMARY KEY (`id`),
  KEY `fk_aluno` (`id_aluno`),
  KEY `fk_livro` (`id_livro`),
  CONSTRAINT `fk_aluno` FOREIGN KEY (`id_aluno`) REFERENCES `tab_usuarios` (`id`),
  CONSTRAINT `fk_livro` FOREIGN KEY (`id_livro`) REFERENCES `tab_livros` (`tombo`)
) ENGINE=InnoDB AUTO_INCREMENT=17 DEFAULT CHARSET=utf8 COLLATE=utf8_unicode_ci;

-- Copiando dados para a tabela eurote42_tcc.tab_emprestimos: ~12 rows (aproximadamente)
/*!40000 ALTER TABLE `tab_emprestimos` DISABLE KEYS */;
INSERT INTO `tab_emprestimos` (`id`, `id_aluno`, `id_livro`, `numero_ticket`, `data_emprestimo`, `data_entrega`) VALUES
	(1, 132, 8, '61a8cd9229560', '2002-12-21', '2017-12-21'),
	(2, 132, 8, '61a8cd938899c', '2002-12-21', '2017-12-21'),
	(3, 16, 1, '61a8d4dc913bf', '2002-12-21', '2017-12-21'),
	(4, 69, 2, '61a8d6d448e89', '2002-12-21', '2017-12-21'),
	(5, 160, 28, '61a8db6e9818f', '2002-12-21', '2017-12-21'),
	(6, 156, 16, '61a8edee43fe9', '2002-12-21', '2017-12-21'),
	(7, 3, 4, '61a8f14ae8487', '2002-12-21', '2017-12-21'),
	(8, 35, 1, '61a8f5873e609', '2002-12-21', '2017-12-21'),
	(9, 17, 2, '61a8f7ee43ae3', '2002-12-21', '2017-12-21'),
	(10, 132, 4, '61a8fc822f85a', '2002-12-21', '2017-12-21'),
	(11, 28, 50, '61a8fe575408c', '2002-12-21', '2017-12-21'),
	(12, 348, 49, '61a8ff6f713f1', '2002-12-21', '2017-12-21'),
	(13, 80, 22, '61a900e975e28', '2002-12-21', '2017-12-21'),
	(14, 354, 34, '61a90578831cd', '2002-12-21', '2017-12-21'),
	(15, 129, 6, '61b210f8aa5fb', '2009-12-21', '2024-12-21'),
	(16, 129, 18, '61b354d98bc11', '2010-12-21', '2025-12-21');
/*!40000 ALTER TABLE `tab_emprestimos` ENABLE KEYS */;

-- Copiando estrutura para tabela eurote42_tcc.tab_livros
CREATE TABLE IF NOT EXISTS `tab_livros` (
  `tombo` int(11) NOT NULL AUTO_INCREMENT,
  `titulo` varchar(100) CHARACTER SET utf8 COLLATE utf8_unicode_ci NOT NULL,
  `subtitulo` varchar(100) CHARACTER SET utf8 COLLATE utf8_unicode_ci NOT NULL,
  `volume` varchar(10) CHARACTER SET utf8 COLLATE utf8_unicode_ci NOT NULL,
  `edicao` varchar(8) CHARACTER SET utf8 COLLATE utf8_unicode_ci NOT NULL,
  `disponivel` tinyint(4) NOT NULL DEFAULT '0',
  `exemplar` int(11) NOT NULL,
  `autor` varchar(100) CHARACTER SET utf8 COLLATE utf8_unicode_ci NOT NULL,
  `editora` varchar(100) CHARACTER SET utf8 COLLATE utf8_unicode_ci NOT NULL,
  `procedencia` varchar(15) CHARACTER SET utf8 COLLATE utf8_unicode_ci NOT NULL,
  `cutter` varchar(15) CHARACTER SET utf8 COLLATE utf8_unicode_ci NOT NULL,
  `ano_publicacao` int(11) NOT NULL,
  `isbn` varchar(30) CHARACTER SET utf8 COLLATE utf8_unicode_ci NOT NULL,
  `capa` varchar(50) CHARACTER SET utf8 COLLATE utf8_unicode_ci NOT NULL,
  `id_categoria` int(11) NOT NULL,
  `sinopse` longtext CHARACTER SET utf8 COLLATE utf8_unicode_ci NOT NULL,
  PRIMARY KEY (`tombo`),
  KEY `fk_categoria` (`id_categoria`),
  CONSTRAINT `fk_categoria` FOREIGN KEY (`id_categoria`) REFERENCES `tab_categorias` (`id`)
) ENGINE=InnoDB AUTO_INCREMENT=57 DEFAULT CHARSET=utf8 COLLATE=utf8_unicode_ci;

-- Copiando dados para a tabela eurote42_tcc.tab_livros: ~55 rows (aproximadamente)
/*!40000 ALTER TABLE `tab_livros` DISABLE KEYS */;
INSERT INTO `tab_livros` (`tombo`, `titulo`, `subtitulo`, `volume`, `edicao`, `disponivel`, `exemplar`, `autor`, `editora`, `procedencia`, `cutter`, `ano_publicacao`, `isbn`, `capa`, `id_categoria`, `sinopse`) VALUES
	(1, 'Harry Potter', 'sadas', '1', '1 ed.', 0, 1, 'ALBISSÚ, Nelson Albissú', 'Cortez', 'FDE', 'A337a', 2009, '978-85-249-1504-8', '01.png', 1, '<p>Dono de uma lábia sem tamanho, Pedro Malasartes sai pelo mundo tirando vantagem de todos que se colocam em seu caminho. Típico personagem da cultura popular, nosso protagonista inspira Nelson Albissú a construir um belo reconto, que traz clareza e poesia às aventuras que instigam nossa imaginação, além de trazer reflexão sobre as atitudes que temos com outros. Bela oportunidade de vivenciar a riqueza do imaginário das histórias que permaneceram pela tradição oral.</p>'),
	(2, 'Manual do defensor do planeta', '.', '1', '2 ed.', 0, 1, 'João Alegria e Rodrigro Medeiros', 'Casa da Palavra', 'FNDE', 'A366m', 2012, '978-85-7734-306-5', '02.png', 1, '<p>Preocupado em proteger o planeta , Theo, um mineirinho de 9 anos, morador de Ouro Preto, decide escrever um manual para que outras crianças possam ajudá-lo na tarefa preservar a Terra e seus recursos.</p> <p> João Alegria, diretor do Canal Futura e Rodrigo Medeiros, doutor em Biologia e Meio Ambiente , criaram uma deliciosa história pensada e escrita sob o ponto de vista infantil tratando temas importantes e relevantes como sustentabilidade, ecologia e meio ambiente de forma lúdica e interativa. O livro conta com as ilustrações bem humoradas da equipe da Revista Beleléu.</p>'),
	(4, 'Grande Sertão: Veredas', '', '1', '19 ed.', 0, 1, 'João Guimarães Rosa', 'Nova Fronteira', 'FDE', 'R788g', 2001, '978-85-209-1209-6', '04.png', 3, '<p>Alina Starkov nunca esperou muito da vida. Órfã de guerra, ela tem uma única certeza: o apoio de seu melhor amigo, Maly, e sua inconveniente paixão por ele. Cartógrafa de seu regimento militar, em uma das expedições que precisa fazer à Dobra das Sombras – uma faixa anômala de escuridão repleta dos temíveis predadores volcras –, Alina vê Maly ser atacado pelos monstros e ficar brutalmente ferido. Seu instinto a leva a protegê-lo, quando inesperadamente ela vê revelado um poder latente que nunca suspeitou ter.</p>'),
	(5, 'Dança dos dragões', 'As cronicas de gelo e fogo.', '1', '4 ed.', 1, 1, 'George Martin', 'LeYa', 'Doação', 'M381d', 2015, '978-85-441-0414-9', '05.png', 2, '<p>Daenerys Targaryen governa uma cidade construída sobre o pó e a morte, e segue aprendendo que conquistar algo é mais fácil do que modificá-lo. A Patrulha da Noite, com seus homens cada vez mais reduzidos, está sob o comando de Jon Snow, que precisa tomar decisões cada vez mais difíceis sobre o que fazer em relação ao autoritário Rei Stannis, aos selvagens e aos homens da Patrulha.</p> <p> Enquanto Bran prossegue a sua viagem, coisas acontecem na Baía dos Escravos e Daenerys percebe que seus inimigos estão cada vez mais numerosos e sedentos para destruí-la.Traições, revelações e um fantasma do passado que volta para assombrar quando menos se espera.</p>'),
	(6, 'Sombras do medo', '', '1', '1 ed.', 0, 1, 'Camila Pelegrini', 'GARCIA', 'Doação', 'P381s', 2014, '978-88-65490-76-4', '06.png', 2, '<p>Em um futuro pós destruição em massa, provocada pelas guerras humanas e desastres naturais  para os quais os humanos também contribuíram grandemente   o mundo é dividido em 5 grandes regiões. Em cada uma delas vivem ordinários e singulares, pessoas com ambições completamente diferentes.</p> <p> Estes dominam o mundo. Aqueles tentam tão somente sobreviver.E ao viverem dessa forma, a bondade beira à extinção. O caos reina em seu lugar, despertando forças malignas que há muito esperam para serem alimentadas.A maior guerra de todos os tempos finalmente começa e a humanidade já se encontra em desvantagem.</p>'),
	(7, 'Economia', 'Fundamentos e praticas aplicadas a realidade brasileira.', '1', '1 ed.', 1, 1, 'Carlos Eduardo de Freitas Vian', 'Alínea', 'Compra', 'V614e', 2005, '85.7516.120-2', '07.png', 4, '<p>Essencial para o ensino introdutório de Economia a estudantes de Ciências Humanas e Exatas, o livro reúne três importantes aspectos: primeiro, apresenta, de forma simples e precisa, os conceitos e métodos de análises essenciais a tratar as principais questões econômicas; segundo, os capítulos foram formulados por professores com expressivas experiências didáticas nas respectivas áreas e com formações teóricas distintas; terceiro, o livro procura aplicar os conhecimentos teóricos abstratos das Ciências Econômicas ao tratamento de fenômenos inerentes à economia brasileira.</p>'),
	(8, 'As ciências da comunicação', 'Teorias e aquisições.', '1', '1 ed.', 1, 1, 'Bruno Oliver', 'Senac', 'Doação', 'O49c', 2018, '978-85-396-0262-9', '08.png', 4, '<p>Considerando que a comunicação perpassa todas as atividades humanas, as ciências da comunicação elaboram há cerca de quarenta anos saberes que permitem abordar as questões mais candentes de nossas sociedades. Este livro, que se pretende um manual, atento a tudo o que determina a autonomia dessas ciências com relação aos modelos das ciências sociais.</p>'),
	(9, 'Estastística', 'Aplicada à administração.', '1', '1 ed.', 1, 1, 'William J. Stevenso', 'Harbra', 'Compra', 'S848e', 2001, '85-294-0094-5', '09.png', 4, '<p>Destinado a estudantes de cursos de estatística introdutória, este livro-texto é de fácil leitura e assimilação, agradável e interessante, o que o destaca dentre os usualmente áridos textos da área. Seu objetivo é desenvolver no leitor uma compreensão intuitiva da estatística e do raciocínio estatístico, ao mesmo tempo que lhe proporciona treinamento na resolução de problemas.</p>'),
	(10, 'Automação industrial', 'Série brasileira de tecnologia.', '1', '10 ed.', 1, 1, 'Ferdinando Natale', 'érica', 'Compra', 'N272a', 2011, '978-85-7194-707-8', '10.png', 4, '<p>Direcionada aos estudantes da área elétrica, técnicos de nível médio e engenheiros que possuam alguns conhecimentos básicos de lógica de contatos, circuitos digitais e fluxograma de processo, a obra apresenta o equipamento, o computador ou controlador programável e depois a linguagem, passo a passo, com exemplos e exercícios práticos.</p>'),
	(11, 'Contabilidade', 'Básica', '1', '9 ed.', 1, 1, 'Ricardo J. Ferreira', 'Ferreira', 'Compra', 'F381c', 2011, '978-85-7842-159-5', '11.png', 4, '<p>Contabilidade Básica é um livro completo para você que, partindo do zero, precisa enfrentar os desafios dessa matéria ou que já deu os primeiros passos e quer dominar a disciplina. Além de abordar os temas introdutórios, trata amplamente dos principais pronunciamentos do CPC. </p>'),
	(12, 'Contabilidade Gerencial e Societária', 'Origens e desenvolvimento.', '1', '1 ed.', 1, 1, 'Alvaro Ricardino', 'Saraiva', 'Compra', 'R487c', 2005, '978-85-02-046955', '12.png', 4, '<p>Fruto de extensa pesquisa por parte do autor, o livro Contabilidade Gerencial e Societária - Origens e Desenvolvimento traz uma nova teoria acerca do estudo da Contabilidade. Os autores e os estudiosos da Contabilidade situam seu início sempre na Revolução Industrial, porém o autor, com embasamento teórico e pesquisa profunda sobre o tema, mostra que suas origens aparecem muito antes disso, já na Idade Média.</p> '),
	(13, 'Contabilidade de custos para não contadores', '', '1', '4 ed.', 1, 1, 'Luís Martins de Oliveira e José Hernandez Perez Jr.', 'Atlas', 'Compra', 'O48c', 2009, '978-85-224-5520-1', '13.png', 4, '<p>Este livro foi elaborado levando em consideração as necessidades específicas dos usuários da contabilidade não contadores. Nesse sentido, evita termos e conceitos excessivamente técnicos da Ciência da Contabilidade e procura simplificar algumas idéias e metodologias para apuração, controle, análise e gestão de custos. </p>'),
	(14, 'Gestão ambiental na empresa', '', '1', '2 ed.', 1, 1, 'Denis Donaire', 'Atlas', 'Compra', 'D674g', 2011, '978-85-224-2185-5', '14.png', 4, '<p>O livro caracteriza a mudança no ambiente dos negócios, enfatiza a importância da variável ecológica e discute a questão ambiental sob o enfoque econômico. Aborda ainda a questão ambiental na empresa, a repercussão da função e atividade ambiental na organização dos programas de gestão ambiental.</p>'),
	(15, 'Logística empresarial', 'O processo de integração da cadeia de suprimento.', '1', '1 ed.', 1, 1, 'Donald J. Bowersox', 'Atlas', 'Compra', 'B786l', 2011, '978-85-224-2877-9', '15.png', 4, '<p>Este livro trata do desenvolvimento e dos fundamentos da logística empresarial.Apresenta a visão dos autores em relação ao futuro da logística nas empresas e seu papel na competitividade entre elas. Expande o assunto e as perspectivas para refletir a crescenteimportância do papel da logística na estratégia competitiva globalizada.</p.'),
	(16, 'Jogos Vorazes', 'Jogos da fome ', '1', '1 ed.', 1, 1, 'Suzanne V. Colins', 'Rocco', 'ParaTCC', 'C713j', 2021, '978-85-325-0329-9', '16.png', 2, '<p>Na região antigamente conhecida como América do Norte, a Capital de Panem controla 12 distritos e os força a escolher um garoto e uma garota, conhecidos como tributos, para competir em um evento anual televisionado. Todos os cidadãos assistem aos temidos jogos, no qual os jovens lutam até a morte, de modo que apenas um saia vitorioso. A jovem Katniss Everdeen, do Distrito 12, confia na habilidade de caça e na destreza com o arco, além dos instintos aguçados, nesta competição mortal.</p>'),
	(17, 'Iracema', '', '1', '74 ed.', 1, 1, 'José de Alencar', 'L&PM POCKET ', 'ParaTCC', 'A368i', 1997, '978-85-254-0683-5', '17.png', 3, '<p>Iracema é uma virgem tabajara da tribo que, durante a colonização, luta contra os portugueses a favor dos franceses e se apaixona por Martim, um conquistador luso, numa história de amor que procura sintetizar contradições do então nascente povo do Brasil.</p>'),
	(18, 'O Cortiço', '', '1', '1 ed.', 0, 1, 'Aluisio de Azevedo', 'Penguin', 'ParaTCC', 'A994c', 2016, '978-85-828-5034-3', '18.png', 3, '<p>Publicado em 1890, O cortiço é um marco da aclimatação do naturalismo em nossas letras. É também uma denúncia ainda muito atual e aguda  das condições de vida das classes populares, espremidas em lugares insalubres e exploradas por patrões gananciosos.</p>'),
	(19, 'O Pequeno Príncipe', '.', '1', '1 ed.', 1, 1, 'Antonie de Saint-Exupery', 'Novo Século', 'ParaTCC', 'S157p', 2019, '978-85-428-1599-3', '21637fe2e8221d238cd3fd221f099772.jpg', 1, '<p>Pequeno príncipe tornou-se obra de apelo universal, um clássico moderno traduzido para mais de oitenta idiomas.</p><p> Suas páginas abrigam valiosas lições sobre a solidão, a amizade, o tempo, a vida e a morte, compartilhadas conosco por meio do pequeno habitante do asteroide B 612. É, na verdade, uma ode à infância, uma delicada viagem a esse planeta que aos poucos abandonamos, vivendo em prol das nossas vaidades, vícios, obrigações, números e demais coisas "sérias e importantes".</p>'),
	(20, 'Anne de Green Gables', '', '1', '1 ed.', 1, 1, 'Lucy Maud Montgomery', 'Autêntica', 'ParaTCC', 'M787a', 2019, '978-85-513-0600-0', '20.png', 1, '<p>Quando os irmãos Marilla e Matthew Cuthbert, de Green Gables, na Prince Edward Island, no Canadá, decidem adotar um órfão para ajudá-los nos trabalhos da fazenda, não estão preparados para o “erro” que mudará suas vidas: Anne Shirley, uma menina ruiva de 11 anos, acaba sendo enviada, por engano, pelo orfanato.</p><p>Apesar do acontecimento inesperado, a natureza expansiva, sempre de bem com a vida, a curiosidade, a imaginação peculiar e a tagarelice da menina conquistam rapidamente os relutantes pais adotivos. O espírito combativo e questionador de Anne logo atrai o interesse das pessoas do lugar e muitos problemas também.</p>'),
	(21, 'Diário de um banana', '', '1', '31 ed.', 1, 1, 'Jeff Kinney', 'VR Editora', 'ParaTCC', 'K55d', 2008, '978-85-768-3130-3', '21.png', 1, '<p>Não é fácil ser criança. E ninguém sabe disso melhor do que Greg Heffley, que se vê mergulhado no ensino fundamental, onde fracotes subdesenvolvidos dividem os corredores com garotos que são mais altos, mais malvados e já se barbeiam.</p> <p>Em Diário de um banana, o autor e ilustrador Jeff Kinney nos apresenta um herói improvável. Como Greg diz em seu diário: “ Só não espere que eu seja todo \'Querido diário\' isso, \'Querido diário\' aquilo.”Para nossa sorte, o que Greg Heffley diz que fará e o que ele realmente faz são duas coisas bem diferentes.</p>'),
	(22, 'Harry Potter', 'O prisioneiro de Azkaban', '3', '1 ed.', 0, 1, 'J.K. Rowling', 'Rocco', 'ParaTCC', 'R884o', 2017, '978-85-325-3080-6', '22.png', 2, '<p>As aulas estão de volta à Hogwarts e Harry Potter não vê a hora de embarcar no expresso a vapor que o levará de volta à escola de bruxaria. Mais uma vez suas férias na rua dos Alfeneiros foi triste e solitária.</p> <p> Com muita ação, humor e magia, \'Harry Potter e o prisioneiro de Azkaban\' traz de volta o gigante atrapalhado Rúbeo Hagrid, o sábio diretor Alvo Dumbledore, a exigente professora de transformação Minerva MacGonagall e o novo mestre Lupin, que guarda grandes surpresas para Harry.</p>'),
	(23, 'Bird Box', 'Caixa De Pássaros', '1', '2 ed.', 1, 1, 'Josh Malerman', 'Intrínseca', 'ParaTCC', 'M245b', 2019, '978-85-510-0492-0', '23.png', 5, 'Quatro anos depois das mortes terem começado, há poucos sobreviventes em Michigan. Malorie e seus dois filhos pequenos estão entre eles. O trio faz parte do grupo que tenta resistir em um mundo no qual abrir os olhos pode ser fatal. Vivendo em uma casa abandonada, Malorie e os filhos não sabem o que se passa do lado de fora. Sempre com as janelas e portas cobertas e sem comunicação com o exterior, o local é uma área isolada no meio do caos. Até o momento em que uma misteriosa neblina atinge a região e Malorie toma uma decisão que adiou por muito tempo. Após quatro anos trancados, Malorie e as crianças fogem da casa em um barco a remo na esperança de encontrar um lugar distante do surto que matou todos ao seu redor.'),
	(24, 'Percy Jackson e os olimpianos', 'O ladrão de raios ', '1', '1 ed.', 1, 1, 'Rick Riordan', 'Intrínseca', 'ParaTCC', 'R585l', 2014, '978-85-805-7539-2', '24.png', 1, '<p>Primeiro volume da saga Percy Jackson e os olimpianos, O ladrão de raios esteve entre os primeiros lugares na lista das séries mais vendidas do The New York Times. O autor conjuga lendas da mitologia grega com aventuras no século XXI. Nelas, os deuses do Olimpo continuam vivos, ainda se apaixonam por mortais e geram filhos metade deuses, metade humanos, como os heróis da Grécia antiga.</p> <p> Marcados pelo destino, eles dificilmente passam da adolescência. Poucos conseguem descobrir sua identidade.O garoto-problema Percy Jackson é um deles. Tem experiências estranhas em que deuses e monstros mitológicos parecem saltar das páginas dos livros direto para a sua vida. Pior que isso: algumas dessas criaturas estão bastante irritadas. Um artefato precioso foi roubado do Monte Olimpo e Percy é o principal suspeito. Para restaurar a paz, ele e seus amigos  jovens heróis modernos terão de fazer mais do que capturar o verdadeiro ladrão: precisam elucidar uma traição mais ameaçadora que fúria dos deuses.</p>'),
	(25, 'A  Moreninha ', '', '1', '2 ed.', 1, 1, 'Joaquim M. de Macedo', ' FTD Educação', 'ParaTCC', 'M141a', 2010, '978-85-322-7548-6', '25.png', 3, '<p>No livro de Macedo, o estudante Augusto, conhecido por sua inconstância amorosa, acompanha o amigo Filipe à casa de sua avó para comemorar um feriado. Lá, conhece Carolina, irmã de Filipe a quem, carinhosamente, chamam de Moreninha. A partir desse encontro e devido à personalidade esfuziante de Carolina, Augusto começa a mudar.</p>'),
	(26, 'Percy Jackson e os olimpianos', 'O mar de monstros ', '2', '1 ed.', 1, 1, 'Rick Riordan', 'Intrínseca', 'ParaTCC', 'R585m', 2014, '978-85-805-7540-8', '26.png', 1, '<p>Em O Mar de Monstros, Percy e os amigos se envolvem em uma perigosa aventura para defender o acampamento dos semideuses; em A maldição do titã, e acaba descobrindo que o Senhor dos Titãs despertou e está disposto a destruir a humanidade; </p> <p> em A batalha do Labirinto, o semideus vai combater o perigoso titã no temido Labirinto de Dédalo; e em O último olimpiano, Percy tem que lidar não só com o exército de Cronos, mas também com a chegada de seu décimo sexto aniversário e, assim, com a profecia que determinará seu destino.</p>'),
	(27, 'Harry Potter ', 'A câmara secreta', '2', '1 ed.', 1, 1, 'J.K. Rowling', 'Rocco', 'ParaTCC', 'R884a', 2017, '978-85-325-3079-0', '27.png', 2, '<p>Depois de férias aborrecidas na casa dos tios trouxas, está na hora de Harry Potter voltar a estudar. Coisas acontecem, no entanto, para dificultar o regresso de Harry. Persistente e astuto, o herói não se deixa intimidar pelos obstáculos e, com a ajuda dos fiéis amigos Weasley, começa o ano letivo na Escola de Magia e Bruxaria de Hogwarts.</p> <p> As novidades não são poucas. Novos colegas, novos professores, muitas e boas descobertas e um grande e perigosos desafio. Alguém ou alguma coisa ameaça a segurança e a tranquilidade dos membros de Hogwarts.</p>'),
	(28, 'Vinte mil léguas submarinas', '', '1', '2 ed.', 1, 1, 'Júlio Verne', 'Moderna', 'ParaTCC', 'V531v', 2012, '978-85-160-7977-2', '28.png', 1, '<p>Imenso, colossal, desconhecido. O gigantesco animal marinho, que possui luz fosforescente e jorra enormes trombas d\'água, move-se com rapidez e astúcia. Afunda navios em um lugar, para logo depois aparecer em outro e causar mais estragos.</p> <p>Uma expedição parte para encontrá-lo e caçá-lo, mas nem o melhor arpoador consegue fisgar o monstro: sua pele, de tão lisa, mais parece aço. Será coisa de outro mundo? Essa é uma vertiginosa aventura, que desafia a razão, a realidade e a compreensão humana.</p>'),
	(29, 'Memórias póstumas de Brás Cubas', '', '1', '3 ed.', 1, 1, 'Machado de Assis', 'Principis', 'ParaTCC', 'A848m', 2019, '978-85-943-1861-9', '29.png', 3, '<p>Não tive filhos, não transmiti a nenhuma criatura o legado da nossa miséria. Com essas palavras, o narrador de Memórias Póstumas de Brás Cubas resume a sua vida. O tom assumido na obra, bem como as técnicas empregadas na composição romanesca, são alguns dos fatores que justificam o lugar de Machado de Assis entre os maiores escritores do século XIX.</p> <p>Neste romance repleto de digressões filosóficas, o escritor se vale da posição privilegiada de Brás Cubas, que, como defunto autor, narra as suas desventuras e revela as contradições da sociedade brasileira do século XIX, por meio de uma análise aprofundada de seus personagens.</p>'),
	(30, 'Romeu e Julieta', '', '1', '1 ed.', 1, 1, 'William Shakespeare', 'Penguin', 'ParaTCC', 'S527r', 2016, '978-85-828-5040-4', '30.png', 6, '<p> Há muito tempo duas famílias banham em sangue as ruas de Verona. Enquanto isso, na penumbra das madrugadas, ardem as brasas de um amor secreto. Romeu, filho dos Montéquio, e Julieta, herdeira dos Capuleto, desafiam a rixa familiar e sonham com um impossível futuro, longe da violência e da loucura.</p> <p> Romeu e Julieta é a primeira das grandes tragédias de William Shakespeare, e esta nova tradução de José Francisco Botelho recria com maestria o ritmo ao mesmo tempo frenético e melancólico do texto shakespeariano. Contando também com um excelente ensaio introdutório do especialista Adrian Poole, esta edição traz nova vida a uma das mais emocionantes histórias de amor já contadas.</p>'),
	(31, 'Enola Holmes', 'O caso do marquês desaparecido', '1', '6 ed.', 1, 1, 'Nancy  Springer', 'Verus', 'ParaTCC', 'S769e', 2020, '978-85-768-6833-0', '31.png', 2, '<p>Entre disfarces e fugas, a irmã de Sherlock Holmes vai nos mostrar que o sangue investigativo também faz parte dela. Mas será que Enola será capaz de decodificar as pistas necessárias e finalmente encontrar sua mãe? O livro que inspirou o filme homônimo do Netflix.</p> <p> Em Enola Holmes: O caso do marquês desaparecido, Enola Holmes é a irmã do famoso detetive Sherlock Holmes que descobre no dia de seu aniversário de catorze anos que sua mãe desapareceu. Por conta dessa descoberta, ela embarca em uma viagem a Londres em busca de pistas que indiquem o paradeiro da mãe. Mas nada poderia preparar Enola para o que a espera na cidade grande. Ao chegar, ela se vê envolvida no sequestro de um jovem marquês. E, no meio de toda a trama, ainda é obrigada a fugir de vilões.</p>'),
	(32, 'Percy Jackson e os olimpianos', 'O último olimpiano', '5', '1 ed.', 1, 1, 'Rick Riordan', 'Intrínseca', 'ParaTCC', 'R585u', 2014, '978-85-805-7543-9', '32.png', 1, '<p>Os meios-sangues passaram o ano inteiro preparando-se para a batalha contra os Titãs, e sabem que as chances de vitória são pequenas. O exército de Cronos está mais poderoso que nunca, e cada novo deus ou semideus que se une à causa confere mais força ao vingativo titã. Enquanto os Olimpianos se ocupam de conter a fúria do monstro Tifão, Cronos avança em direção à cidade de Nova York, onde o Monte Olimpo está precariamente vigiado. Agora, apenas Percy Jackson e seu exército de heróis podem deter o Senhor do Tempo.</p>'),
	(33, 'Viagem ao centro da terra', '', '1', '1 ed.', 1, 1, 'Júlio Verne', 'Principis', 'ParaTCC', 'V531c', 2019, '978-85-943-1815-2', '33.png', 2, '<p>O professor Lidenbrock consegue decifrar um enigma do pergaminho de um cientista do século XII e se junta ao seu sobrinho, para checar a possibilidade de chegar ao centro da Terra seguindo o relato decifrado.</p>'),
	(34, 'A  hora da estrela ', '', '1', '1 ed.', 0, 1, 'Clarice Lispector', 'Rocco', 'ParaTCC', 'L771a', 2020, ' 978-65-553-2035-0', '34.png', 3, '<p>Narrando a história de Macabéa, uma alagoana órfã, virgem e solitária, criada por uma tia tirana, que a leva para o Rio de Janeiro, onde trabalha como datilógrafa. Em A hora da estrela, Clarice escreve sabendo que a morte está próxima e põe um pouco de si nos personagens Rodrigo e Macabéa. Ele, um escritor à espera da morte; ela, uma solitária que gosta de ouvir a Rádio Relógio e que passou a infância no Nordeste, como Clarice. </p>'),
	(35, 'Dom Casmurro', '', '1', '1 ed.', 1, 1, 'Machado de Assis', 'Panda Books', 'ParaTCC', 'A848d', 2019, '978-85-788-8723-0', '35.png', 3, '<p> Escrito em 1899, este clássico da literatura brasileira é considerado uma das mais famosas obras do Realismo. Se você não cismar de sofrer com a língua que é diferente da língua atual, vai se envolver à beça nessa história de amor entre Capitu e Bentinho, um dos romances mais famoso de todos os tempos.</p> <p> Nesta edição especial você tem o texto integral acompanhado de explicações e links bem espertos que o ajudarão a compreender melhor a trama, diferentes estilos de ilustrações e um encarte com o mapa dos personagens para você lembrar quem é quem no romance de Machado de Assis.</p>'),
	(36, 'Gabriela cravo e canela', '', '1', '1 ed. ', 1, 1, 'Jorge Amado', 'Edição Econômica', 'ParaTCC', 'A481g', 2012, '978-85-359-2098-7', '36.png', 3, '<p>O romance entre o sírio Nacib e a mulata Gabriela, um dos mais sedutores personagens femininos criados por Jorge Amado, tem como pano de fundo, em meados dos anos 1920, a luta pela modernização de Ilhéus, em desenvolvimento graças às exportações do cacau.</p> <P> Com sua sensualidade inocente, Gabriela não apenas conquista o coração de Nacib como também seduz um sem-número de homens ilheenses, colocando em xeque a lei que exigia que a desonra do adultério feminino fosse lavada com sangue. Publicado em 1958, o livro logo se tornou um sucesso mundial. Na televisão, a história se transformou numa das novelas brasileiras mais aclamadas mundo afora.</p>'),
	(37, 'Laços De Família', '', '1', '1 ed.', 1, 1, 'Clarice Lispector', 'Rocco', 'ParaTCC', 'L771c', 1998, '978-85-325-0813-3', '37.png', 3, '<p>Com treze contos, esta coletânea contém algumas das obras-primas da narrativa curta brasileira. Neles, os personagens são sempre surpreendidos por uma modalidade perturbadora do insólito, no meio da banalidade de seus cotidianos.</p> <p> Clarice cria situações onde uma revelação, que desconstrói e ameaça a realidade, desvela a existência e aponta para uma apreensão filosófica da vida. A autora trata a solidão, a morte, a incomunicabilidade e os abismos da existência através da rotina de dona de casa.</p>'),
	(39, 'O Médico e o Monstro', '', '1', '1 ed.', 1, 1, 'Robert L Stevenson', 'L&PM Pocket', 'ParaTCC', 'S847o', 2002, ' 978-85-254-1123-5', '39.png', 2, '<p>Esta obra traz à vida uma história sobre a natureza humana e a dualidade entre o bem e o mal. O livro acompanha a investigação do advogado Gabriel John Utterson sobre as estranhas ocorrências com seu amigo Dr. Henry Jekyll, um homem recatado, elegante, que protege, até depois de sua morte, Edward Hyde, um criminoso de feições grosseiras e hábitos assustadores.</p>'),
	(40, 'A escrava Isaura', '', '1', '2 ed.', 1, 1, 'Ivan Jaf e  Bernardo Guimarães', 'Ática', 'ParaTCC', 'J23i', 2012, ' 978-85-081-5743-3', '40.png', 3, '<p> Saura é filha de uma escrava negra e de um homem branco. Ela foge de Leo?ncio, seu senhor, e recomec?a a vida como Elvira. A paixa?o e a luta pela liberdade esta?o intactas nesta adaptac?a?o.</p>'),
	(41, 'Circulo secreto', 'A iniciação', '1', '2 ed.', 1, 1, 'Smith L. J.', 'Galera Record', 'ParaTCC', 'S649c', 2011, '978-85-01-09559-6', '41.png', 2, '<p> A história começa quando Cassie se muda da Califórnia para New Salem, depois de passar as férias em Cape Cod, e começa a se sentir estranhamente atraída pelo grupo de jovens que domina sua nova escola. </p>'),
	(42, 'Circulo secreto', 'A prisioneira', '2', '1 ed.', 1, 1, 'Smith L. J.', 'Galera Record', 'ParaTCC', 'S649p', 2012, '978-85-01-09627-2', '42.png', 2, '<p> Em A prisioneira, Cassie está sendo chantageada para roubar a poderosa Caveira de Cristal, capaz de liberar uma força maligna em New Salem. </p>'),
	(43, 'Circulo secreto', 'O poder', '3', '1 ed.', 1, 1, 'Smith L. J.', 'Galera Record', 'ParaTCC', 'S649c', 2013, '978-85-01-09628-9', '43.png', 2, '<p> O terceiro livro da série Círculo Secreto, O Poder, começa com a libertação de Cassie das garras afiadas de Faye. Além de manipular e ameaçar Cassie, Faye também conseguiu a liderança do círculo e pretende usar sua autoridade para libertar o poder presente no crânio de cristal. </p>'),
	(44, 'Esconda-se', 'Você terá boas razões para temer', '1', '1 ed.', 1, 1, 'Lisa Gardner', 'Novo Conceito', 'ParaTCC', 'G226e', 2013, '978-85-8163-310-7', '44.png', 2, '<p> Uma história de rancor entre membros de uma mesma família que nunca conseguiram superar os episódios de violência doméstica que presenciaram. Um pingente que foi parar em mãos erradas — e a cena de um crime brutal: seis meninas mortas e mumificadas há mais de trinta anos. Agora, cabe à famosa detetive D.D. <p>'),
	(45, 'Os instrumentos mortais', 'Cidade de Vidro', '3', '34 ed', 1, 1, 'Cassandra Clare', 'Galera Record', 'ParaTCC', 'C5A1c', 2017, '978-85-01-08716-4', '45.png', 2, '<p>Para salvar a vida de sua mãe, Clary deve viajar até a Cidade de Vidro, lar ancestral dos Caçadores de Sombras – podemos pular a regra que diz que entrar em Alicante sem permissão é contra a lei e ir contra a lei pode significar a morte?</p> <p> E também que chegar lá, criando um Portal sozinha, só mostra o quanto os poderes de Clary são sofisticados e como isso é perigoso? Para complicar ainda mais, quando chega à cidade, ela logo descobre que Jace não a quer por perto (o que não se aplica a outras meninas…) e Simon, que nem queria estar ali, está sendo investigado por ser um vampiro que pode suportar a luz do sol.</p>'),
	(46, 'Dracula', '', '1', '1 ed.', 1, 1, 'Bram Stoker', 'Principis', 'ParaTCC', 'S815d', 2020, '978-65-555-2000-2', '46.png', 2, '<p>No século 15, a Igreja se recusa a enterrar em solo sagrado a grande paixão do líder dos Cárpatos que decide, então, renegar a instituição religiosa. Ele passa a perambular através dos séculos até encontrar a suposta reencarnação de sua amada.</p>'),
	(47, 'A ultima festa', 'Todos foram convidados, todos são suspeitos', '1', '1 ed.', 1, 1, 'Lucy Foley', 'Intrinseca', 'ParaTCC', 'F699u', 2019, '978-85-510-0572-9', '47.png', 5, '<p>Todo ano, nove amigos comemoram o réveillon juntos. Desta vez, apenas oito vão voltar para a casa depois da festa. ... E então, em meio à grande festa da última noite do ano, o fio que os mantém unidos enfim arrebenta. No dia seguinte, alguém está morto e uma forte nevasca impede a vinda do resgate.</p>'),
	(48, 'O retrato de Dorian Gray', '', '1', '1 ed.', 1, 1, 'Oscar Wilde', 'Principis', 'ParaTCC', 'W671r', 2020, '978-65-509-7029-1', '48.png', 2, '<p>Dorian Gray, um jovem da alta sociedade, faz um pacto demoníaco para ter a juventude eterna enquanto o quadro com seu retrato é que envelhece. Com o tempo, sua vida de abusos transforma a imagem num monstro. Baseado no livro homônimo de Oscar Wilde.</p>'),
	(49, 'O homem de giz', '', '1', '1 ed.', 0, 1, 'Tudor C.J.', 'Intrinseca', 'ParaTCC', 'T827h', 2018, '978-85-510-0293-3', '49.png', 5, '<p> Em 2016, Eddie se esforça para superar o passado, até que um dia ele e os amigos de infância recebem um mesmo aviso: o desenho de um homem de giz enforcado. Quando um dos amigos aparece morto, Eddie tem certeza de que precisa descobrir o que de fato aconteceu trinta anos atrás. </p>'),
	(50, 'Fallen', 'Sexy, sublime e assustador...', '1', '1 ed.', 0, 1, 'Lauren Kate', 'Galera Record', 'ParaTCC', 'K31f', 2016, '978-85-01-08962-5', '50.png', 6, '<p> Lucinda é uma bela jovem que passa seus dias em um internato em Savannah, forçada a fazer uma intensa terapia após ter sido considerada responsável pela morte de um garoto. Lá, ela conhece o misterioso Daniel, por quem se apaixona.</p>'),
	(51, 'Belo desastre', '', '1', '20 ed.', 1, 1, 'Jamie Mcguire', 'Verus Editora', 'ParaTCC', 'M429b', 2012, '978-85-7686-191-1', '51.png', 6, '<p> Travis é um jovem com um corpo esculpido, abdômen definido e braços tatuados. Tudo que Abby precisa – e deseja – evitar. Ele passa noites ganhando dinheiro em um clube da luta e os dias seduzindo as garotas da faculdade. Mas o menino é um conquistador e logo se depara com a resistência de Abby ao seu charme. </p>'),
	(52, 'Desastre Eminente', '', '2', '8 ed.', 1, 1, 'Jamie Mcguire', 'Verus Editora', 'ParaTCC', 'M429d', 2013, '978-85-7686-255-0', '52.png', 6, '<p > Travis perdeu a mãe muito cedo, mas, antes de morrer, ela lhe ensinou duas regras de vida: ame muito, lute mais ainda. Tendo crescido em uma família de homens que gostam de jogos e lutas, Travis Maddox é um cara durão. </p>'),
	(53, 'Belo Casamento', '', '3', '1 ed.', 1, 1, 'Jamie Mcguire', 'Verus Editora', 'ParaTCC', 'M429b', 2014, '978-85-7686-325-0', '53.png', 6, '<p> Belo casamento é uma história de amor inesquecível, sobre um bad boy com um coração enorme que se apaixona pela mais improvável das garotas, e, contra todas as probabilidades, eles terminam juntos e felizes. Um livro espirituoso, sexy, memorável e muito Abby e Travis.</p>'),
	(54, 'A garota do lago', 'Sem inimigos nem suspeitos. Apenas uma pessoa cheia de planos que estava viva num dia e no outro é e', '1', '1 ed.', 1, 1, 'Charlie Donlea', 'Faro Editorial', 'ParaTCC', 'D684a', 2017, '978-85-62409-88-2', '54.png', 5, '<p>Filha de um poderoso advogado, Becca estava no auge de sua vida. Atraída Instintivamente pela notícia, a repórter Kelsey Castle vai até a cidade para investigar o caso. ... E Logo Se Estabelece Uma Conexão Íntima Quando Um Vivo Caminha Nas Mesmas Pegadas Dos Mortos...</p>');
/*!40000 ALTER TABLE `tab_livros` ENABLE KEYS */;

-- Copiando estrutura para tabela eurote42_tcc.tab_usuarios
CREATE TABLE IF NOT EXISTS `tab_usuarios` (
  `id` int(11) NOT NULL AUTO_INCREMENT,
  `nome` varchar(100) CHARACTER SET utf8 COLLATE utf8_unicode_ci NOT NULL,
  `email` varchar(100) CHARACTER SET utf8 COLLATE utf8_unicode_ci NOT NULL,
  `senha` varchar(30) CHARACTER SET utf8 COLLATE utf8_unicode_ci NOT NULL,
  `rm` int(11) DEFAULT NULL,
  `periodo` varchar(10) CHARACTER SET utf8 COLLATE utf8_unicode_ci DEFAULT NULL,
  `curso` varchar(50) CHARACTER SET utf8 COLLATE utf8_unicode_ci DEFAULT NULL,
  `serie` varchar(15) CHARACTER SET utf8 COLLATE utf8_unicode_ci DEFAULT NULL,
  `foto` varchar(50) CHARACTER SET utf8 COLLATE utf8_unicode_ci NOT NULL,
  `tipo` tinyint(1) DEFAULT NULL,
  PRIMARY KEY (`id`)
) ENGINE=InnoDB AUTO_INCREMENT=555 DEFAULT CHARSET=utf8 COLLATE=utf8_unicode_ci;

-- Copiando dados para a tabela eurote42_tcc.tab_usuarios: ~360 rows (aproximadamente)
/*!40000 ALTER TABLE `tab_usuarios` DISABLE KEYS */;
INSERT INTO `tab_usuarios` (`id`, `nome`, `email`, `senha`, `rm`, `periodo`, `curso`, `serie`, `foto`, `tipo`) VALUES
	(1, 'ANA LETÍCIA PEREIRA PAVARINI', '21044@etec.sp.gov.br', '123', 21044, 'Integral', 'Desenvolvimento de sistemas', '1° ETIM', 'girl.png', 0),
	(2, 'ANA LÍVIA COSTA', '21006@etec.sp.gov.br', '123', 21066, 'Integral', 'Desenvolvimento de sistemas', '1° ETIM', 'girl.png', 0),
	(3, 'ANA VITÓRIA ALVES SEMOLINI', '21049@etec.sp.gov.br', '2106', 21049, 'Integral', 'Desenvolvimento de sistemas', '1° ETIM', 'girl.png', 0),
	(4, 'ANDRE LEONCIO DE SOUZA', '21041@etec.sp.gov.br', '123', 21041, 'Integral', 'Desenvolvimento de sistemas', '1° ETIM', 'boy.png', 0),
	(5, 'ARTHUR DE LIMA', '21052@etec.sp.gov.br', '123', 21052, 'Integral', 'Desenvolvimento de sistemas', '1° ETIM', 'boy.png', 0),
	(6, 'AZAEL THIAGO GOMES DA SILVA', '20139@etec.sp.gov.br', '123', 20139, 'Integral', 'Desenvolvimento de sistemas', '1° ETIM', 'boy.png', 0),
	(7, 'BIANCA FONSECA', '21065@etec.sp.gov.br', '123', 21065, 'Integral', 'Desenvolvimento de sistemas', '1° ETIM', 'girl.png', 0),
	(8, 'BRENDA PEREIRA DE ALMEIDA', '21051@etec.sp.gov.br', '123', 21051, 'Integral', 'Desenvolvimento de sistemas', '1° ETIM', 'girl.png', 0),
	(9, 'ÉRICA CRISTINA DE OLIVEIRA', '21056@etec.sp.gov.br', '123', 21056, 'Integral', 'Desenvolvimento de sistemas', '1° ETIM', 'girl.png', 0),
	(10, 'GABRIEL DANTE CÂNDIDO', '21177@etec.sp.gov.br', '123', 21177, 'Integral', 'Desenvolvimento de sistemas', '1° ETIM', 'boy.png', 0),
	(11, 'GABRIELA RODRIGUES DA SILVA', '21234@etec.sp.gov.br', '123', 21234, 'Integral', 'Desenvolvimento de sistemas', '1° ETIM', 'girl.png', 0),
	(12, 'GIOVANA VITÓRIA ALVES CUSTODIO', '21061@etec.sp.gov.br', '123', 21061, 'Integral', 'Desenvolvimento de sistemas', '1° ETIM', 'girl.png', 0),
	(13, 'GIOVANNA SILVA DIOGO', '21037@etec.sp.gov.br', '123', 21037, 'Integral', 'Desenvolvimento de sistemas', '1° ETIM', 'girl.png', 0),
	(14, 'GRAZIELLA CRISTINA DE SOUZA CHEREZIO', '21063@etec.sp.gov.br', '123', 21063, 'Integral', 'Desenvolvimento de sistemas', '1° ETIM', 'girl.png', 0),
	(15, 'INÁCIO CUSTÓDIO SILVA', '21059@etec.sp.gov.br', '123', 21059, 'Integral', 'Desenvolvimento de sistemas', '1° ETIM', 'boy.png', 0),
	(16, 'ISABELA NAOMI YAMADA', '21047@etec.sp.gov.br', '123', 21047, 'Integral', 'Desenvolvimento de sistemas', '1° ETIM', 'girl.png', 0),
	(17, 'ISABELLA DELA VAL REIS', '21062@etec.sp.gov.br', '123', 21062, 'Integral', 'Desenvolvimento de sistemas', '1° ETIM', 'girl.png', 0),
	(18, 'JOÃO GABRIEL MARREIRO DE SOUZA', '21057@etec.sp.gov.br', '123', 21057, 'Integral', 'Desenvolvimento de sistemas', '1° ETIM', 'boy.png', 0),
	(19, 'JOÃO PEDRO LINS DA SILVA', '21040@etec.sp.gov.br', '123', 21040, 'Integral', 'Desenvolvimento de sistemas', '1° ETIM', 'boy.png', 0),
	(20, 'JOSÉ ARTHUR OLIVEIRA PALIARES', '21060@etec.sp.gov.br', '123', 21060, 'Integral', 'Desenvolvimento de sistemas', '1° ETIM', 'boy.png', 0),
	(21, 'JUAN OCTÁVIO SOARES BARBOSA', '21038@etec.sp.gov.br', '123', 21038, 'Integral', 'Desenvolvimento de sistemas', '1° ETIM', 'boy.png', 0),
	(22, 'LARISSA BEATRIZ VIEIRA', '21053@etec.sp.gov.br', '123', 21036, 'Integral', 'Desenvolvimento de sistemas', '1° ETIM', 'girl.png', 0),
	(23, 'LAVÍNIA XAVIER DA COSTA', '21053@etec.sp.gov.br', '123', 21053, 'Integral', 'Desenvolvimento de sistemas', '1° ETIM', 'girl.png', 0),
	(24, 'LEONARDO DOS SANTOS', '21046@etec.sp.gov.br', '123', 21046, 'Integral', 'Desenvolvimento de sistemas', '1° ETIM', 'boy.png', 0),
	(25, 'LUCAS PROTESTATO TAVARES', '21176@etec.sp.gov.br', '123', 21176, 'Integral', 'Desenvolvimento de sistemas', '1° ETIM', 'boy.png', 0),
	(26, 'LUÍS GUSTAVO XAVIER', '21048@etec.sp.gov.br', '123', 21048, 'Integral', 'Desenvolvimento de sistemas', '1° ETIM', 'boy.png', 0),
	(27, 'LUIZ MIGUEL PEREIRA PINHEIRO', '21067@etec.sp.gov.br', '123', 21067, 'Integral', 'Desenvolvimento de sistemas', '1° ETIM', 'boy.png', 0),
	(28, 'MARIA CLARA DOS SANTOS LIMA BAIZI', '21064@etec.sp.gov.br', '36841341', 21064, 'Integral', 'Desenvolvimento de sistemas', '1° ETIM', 'girl.png', 0),
	(29, 'MARIANA CÚRCIO ROCHA', '21058@etec.sp.gov.br', '123', 21058, 'Integral', 'Desenvolvimento de sistemas', '1° ETIM', 'girl.png', 0),
	(30, 'MATHEUS NOGUEIRA', '21068@etec.sp.gov.br', '123', 21068, 'Integral', 'Desenvolvimento de sistemas', '1° ETIM', 'boy.png', 0),
	(31, 'MAYARA APARECIDA BRAZ', '21035@etec.sp.gov.br', '123', 21035, 'Integral', 'Desenvolvimento de sistemas', '1° ETIM', 'girl.png', 0),
	(32, 'NICOLI PASQUIM RIBEIRO', '21042@etec.sp.gov.br', '123', 21042, 'Integral', 'Desenvolvimento de sistemas', '1° ETIM', 'girl.png', 0),
	(33, 'OTÁVIO CASADEI', '21045@etec.sp.gov.br', '123', 21045, 'Integral', 'Desenvolvimento de sistemas', '1° ETIM', 'boy.png', 0),
	(34, 'PEDRO DE LIMA DUARTE', '21043@etec.sp.gov.br', '123', 21043, 'Integral', 'Desenvolvimento de sistemas', '1° ETIM', 'boy.png', 0),
	(35, 'RODRIGO POLASTRO DA SILVA', '21054@etec.sp.gov.br', '12345', 21054, 'Integral', 'Desenvolvimento de sistemas', '1° ETIM', 'boy.png', 0),
	(36, 'SARAH DIAS FIDELIS', '21039@etec.sp.gov.br', '123', 21039, 'Integral', 'Desenvolvimento de sistemas', '1° ETIM', 'girl.png', 0),
	(37, 'VINICIUS GRIFANTE NACEV', '20023@etec.sp.gov.br', '123', 20023, 'Integral', 'Desenvolvimento de sistemas', '1° ETIM', 'boy.png', 0),
	(38, 'VINÍCIUS UBIRATAN DE FREITAS', '21055@etec.sp.gov.br', '123', 21055, 'Integral', 'Desenvolvimento de sistemas', '1° ETIM', 'boy.png', 0),
	(39, 'VÍTOR HUGO MAFARDA TEIXEIRA', '21195@etec.sp.gov.br', '123', 21195, 'Integral', 'Desenvolvimento de sistemas', '1° ETIM', 'boy.png', 0),
	(40, 'VITORIA TEIXEIRA BIANCHI', '21050@etec.sp.gov.br', '123', 21050, 'Integral', 'Desenvolvimento de sistemas', '1° ETIM', 'girl.png', 0),
	(64, 'ABNER LINCOLN BARBOSA', '20063@etec.sp.gov.br', '123', 20063, 'Integral', 'Desenvolvimento de sistemas', '2° ETIM', 'boy.png', 0),
	(65, 'ANA LAURA BERNARDO DA SILVA', '20123@etec.sp.gov.br', '123', 20123, 'Integral', 'Desenvolvimento de sistemas', '2° ETIM', 'girl.png', 0),
	(66, 'BIANCA ROQUE ZARA', '21334@etec.sp.gov.br', '123', 21334, 'Integral', 'Desenvolvimento de sistemas', '2° ETIM', 'girl.png', 0),
	(67, 'BRIAN CORREA FERRI', '20097@etec.sp.gov.br', '123', 20097, 'Integral', 'Desenvolvimento de sistemas', '2° ETIM', 'boy.png', 0),
	(68, 'CAIO LEONARDO DE PAULA', '20233@etec.sp.gov.br', '123', 20233, 'Integral', 'Desenvolvimento de sistemas', '2° ETIM', 'boy.png', 0),
	(69, 'DANIEL HENRIQUE DA SILVA LUCCAS', '20148@etec.sp.gov.br', '123', 20148, 'Integral', 'Desenvolvimento de sistemas', '2° ETIM', 'boy.png', 0),
	(70, 'EDUARDO DE SOUZA ALVES', '20197@etec.sp.gov.br', '123', 20197, 'Integral', 'Desenvolvimento de sistemas', '2° ETIM', 'boy.png', 0),
	(71, 'ERIK CORDEIRO GOMES VOMERO', '20174@etec.sp.gov.br', '123', 20174, 'Integral', 'Desenvolvimento de sistemas', '2° ETIM', 'boy.png', 0),
	(72, 'FERNANDO DE AMORIM', '20182@etec.sp.gov.br', '123', 20182, 'Integral', 'Desenvolvimento de sistemas', '2° ETIM', 'boy.png', 0),
	(73, 'FERNANDO HENRIQUE ACRAINI', '20171@etec.sp.gov.br', '123', 20171, 'Integral', 'Desenvolvimento de sistemas', '2° ETIM', 'boy.png', 0),
	(74, 'GABRIEL DE ALMEIDA RUSSON', '20032@etec.sp.gov.br', '123', 20032, 'Integral', 'Desenvolvimento de sistemas', '2° ETIM', 'boy.png', 0),
	(75, 'GABRIEL FELIPE MONTONI DOS SANTOS', '20229@etec.sp.gov.br', '123', 20229, 'Integral', 'Desenvolvimento de sistemas', '2° ETIM', 'boy.png', 0),
	(76, 'GEOVANNE FERNANDES STRUZANI', '20009@etec.sp.gov.br', '123', 20009, 'Integral', 'Desenvolvimento de sistemas', '2° ETIM', 'boy.png', 0),
	(77, 'GIOVANI CAVALCANTI ELIAS', '20084@etec.sp.gov.br', '123', 20084, 'Integral', 'Desenvolvimento de sistemas', '2° ETIM', 'boy.png', 0),
	(78, 'GIOVANNA BIZIN SIRNES', '20059@etec.sp.gov.br', '123', 20059, 'Integral', 'Desenvolvimento de sistemas', '2° ETIM', 'girl.png', 0),
	(79, 'GIOVANNA LUIZA CAMPOS MARSURRA', '20181@etec.sp.gov.br', '123', 20181, 'Integral', 'Desenvolvimento de sistemas', '2° ETIM', 'girl.png', 0),
	(80, 'GUILHERME BONIPERCIO CAMPOS', '20002@etec.sp.gov.br', '456', 20002, 'Integral', 'Desenvolvimento de sistemas', '2° ETIM', 'boy.png', 0),
	(81, 'GUSTAVO FELICIO ALVES', '20106@etec.sp.gov.br', '123', 20106, 'Integral', 'Desenvolvimento de sistemas', '2° ETIM', 'boy.png', 0),
	(82, 'HELOISA GOMES DOS ANJOS', '20241@etec.sp.gov.br', '123', 20241, 'Integral', 'Desenvolvimento de sistemas', '2° ETIM', 'girl.png', 0),
	(83, 'IGOR DALTIO VASCONCELOS', '20250@etec.sp.gov.br', '123', 20250, 'Integral', 'Desenvolvimento de sistemas', '2° ETIM', 'boy.png', 0),
	(84, 'JOÃO HENRIQUE NUNES DIAS', '20006@etec.sp.gov.br', '123', 20006, 'Integral', 'Desenvolvimento de sistemas', '2° ETIM', 'boy.png', 0),
	(85, 'LAIS GABRIELLY DOS SANTOS', '19115@etec.sp.gov.br', '123', 19115, 'Integral', 'Desenvolvimento de sistemas', '2° ETIM', 'girl.png', 0),
	(86, 'LAIS GIMENES CASTIGLIONI', '20078@etec.sp.gov.br', '123', 20078, 'Integral', 'Desenvolvimento de sistemas', '2° ETIM', 'girl.png', 0),
	(87, 'LAURA HELENA CORREA ALEGRE', '20228@etec.sp.gov.br', '123', 20228, 'Integral', 'Desenvolvimento de sistemas', '2° ETIM', 'girl.png', 0),
	(88, 'LEONARDO ANDREW SENHORETTI VICENTE', '20119@etec.sp.gov.br', '123', 20119, 'Integral', 'Desenvolvimento de sistemas', '2° ETIM', 'boy.png', 0),
	(89, 'LUCAS HENRIQUE COSTA', '19017@etec.sp.gov.br', '123', 19017, 'Integral', 'Desenvolvimento de sistemas', '2° ETIM', 'boy.png', 0),
	(90, 'LUIS OTAVIO SALVADOR DE CAMARGO', '20069@etec.sp.gov.br', '123', 20069, 'Integral', 'Desenvolvimento de sistemas', '2° ETIM', 'boy.png', 0),
	(91, 'MARYANNA CAMILLE FREITAS DE OLIVEIRA', '21330@etec.sp.gov.br', '123', 21330, 'Integral', 'Desenvolvimento de sistemas', '2° ETIM', 'girl.png', 0),
	(92, 'MATHEUS HONORIO DE FARIA', '20185@etec.sp.gov.br', '123', 20185, 'Integral', 'Desenvolvimento de sistemas', '2° ETIM', 'boy.png', 0),
	(93, 'MATHEUS NESTRI OLIVEIRA', '20232@etec.sp.gov.br', '123', 20232, 'Integral', 'Desenvolvimento de sistemas', '2° ETIM', 'boy.png', 0),
	(94, 'MIGUEL NORONHA SILVA', '20053@etec.sp.gov.br', '123', 20053, 'Integral', 'Desenvolvimento de sistemas', '2° ETIM', 'boy.png', 0),
	(95, 'PAULA VITORIA GOMES DOS SANTOS', '20031@etec.sp.gov.br', '123', 20031, 'Integral', 'Desenvolvimento de sistemas', '2° ETIM', 'girl.png', 0),
	(96, 'PEDRO HENRIQUE TEIXEIRA', '20205@etec.sp.gov.br', '123', 20205, 'Integral', 'Desenvolvimento de sistemas', '2° ETIM', 'boy.png', 0),
	(97, 'PEDRO MIGUEL MEDEIROS PINHEIRO', '20058@etec.sp.gov.br', '123', 20058, 'Integral', 'Desenvolvimento de sistemas', '2° ETIM', 'boy.png', 0),
	(98, 'RENAN MARTINS BARBOZA', '21203@etec.sp.gov.br', '123', 21203, 'Integral', 'Desenvolvimento de sistemas', '2° ETIM', 'boy.png', 0),
	(99, 'RICARDO EDUARDO DE ARAUJO FILHO', '20108@etec.sp.gov.br', '123', 20108, 'Integral', 'Desenvolvimento de sistemas', '2° ETIM', 'boy.png', 0),
	(100, 'THOMAS IVAN ASSI', '20124@etec.sp.gov.br', '123', 20124, 'Integral', 'Desenvolvimento de sistemas', '2° ETIM', 'boy.png', 0),
	(101, 'YAN MIGUEL SIQUEIRA', '20028@etec.sp.gov.br', '123', 20028, 'Integral', 'Desenvolvimento de sistemas', '2° ETIM', 'boy.png', 0),
	(127, 'ALINE COMPRI', '19050@etec.sp.gov.br', '123', 19050, 'Integral', 'Desenvolvimento de sistemas', '3° ETIM', 'girl.png', 0),
	(128, 'ANDRESSA MONTEIRO DOS SANTOS', '19030@etec.sp.gov.br', '123', 19030, 'Integral', 'Desenvolvimento de sistemas', '3° ETIM', 'girl.png', 0),
	(129, 'BRENO NUNES NOGUEIRA', '19022@etec.sp.gov.br', '123', 19022, 'Integral', 'Desenvolvimento de sistemas', '3° ETIM', 'boy.png', 0),
	(130, 'CAIO EDUARDO SILVA DOS SANTOS', '19099@etec.sp.gov.br', '123', 19099, 'Integral', 'Desenvolvimento de sistemas', '3° ETIM', 'boy.png', 1),
	(131, 'CHRISTOPHER GABRIEL DE OLIVEIRA HENRIQUE', '19033@etec.sp.gov.br', '123', 19033, 'Integral', 'Desenvolvimento de sistemas', '3° ETIM', 'boy.png', 0),
	(132, 'DAVID ISAQUE BORTOTTO GABRICIO', '19075@etec.sp.gov.br', '1234', 19075, 'Integral', 'Desenvolvimento de sistemas', '3° ETIM', 'boy.png', 0),
	(133, 'DENIAN DA SILVA LIMA', '19120@etec.sp.gov.br', '123', 19120, 'Integral', 'Desenvolvimento de sistemas', '3° ETIM', 'boy.png', 0),
	(134, 'EDUARDO FERNANDO DOMINGUES DA SILVA', '19025@etec.sp.gov.br', '123', 19025, 'Integral', 'Desenvolvimento de sistemas', '3° ETIM', 'boy.png', 0),
	(135, 'ENZO PEDRO MESSIAS', '19041@etec.sp.gov.br', '123', 19041, 'Integral', 'Desenvolvimento de sistemas', '3° ETIM', 'boy.png', 0),
	(136, 'EVELYN MARIA RIBEIRO DE ALMEIDA', '19002@etec.sp.gov.br', '123', 19002, 'Integral', 'Desenvolvimento de sistemas', '3° ETIM', 'girl.png', 0),
	(137, 'FELIPE FEITOSA BARBOSA DA SILVA', '19070@etec.sp.gov.br', 'fefe0206', 19070, 'Integral', 'Desenvolvimento de sistemas', '3° ETIM', 'boy.png', 0),
	(138, 'FILIPE BRISCHILIARO ROSA', '19027@etec.sp.gov.br', '123', 19027, 'Integral', 'Desenvolvimento de sistemas', '3° ETIM', 'boy.png', 0),
	(139, 'GABRIEL ALVES PACHECO', '19091@etec.sp.gov.br', '123', 19091, 'Integral', 'Desenvolvimento de sistemas', '3° ETIM', 'boy.png', 0),
	(140, 'GABRIEL CUSTODIO', '19038@etec.sp.gov.br', '123', 19038, 'Integral', 'Desenvolvimento de sistemas', '3° ETIM', 'boy.png', 0),
	(141, 'GUSTAVO GABRIEL MONTEIRO ANTONIO', '19080@etec.sp.gov.br', '123', 19080, 'Integral', 'Desenvolvimento de sistemas', '3° ETIM', 'boy.png', 0),
	(142, 'JOAO GABRIEL DOS SANTOS', '19068@etec.sp.gov.br', '123', 19068, 'Integral', 'Desenvolvimento de sistemas', '3° ETIM', 'boy.png', 0),
	(143, 'JOAO VITOR RAMOS EUGENIO DE OLIVEIRA', '19003@etec.sp.gov.br', '123', 19003, 'Integral', 'Desenvolvimento de sistemas', '3° ETIM', 'boy.png', 0),
	(144, 'JOSE EDUARDO ELESBAO FILHO', '19006@etec.sp.gov.br', '123', 19006, 'Integral', 'Desenvolvimento de sistemas', '3° ETIM', 'boy.png', 0),
	(145, 'JULIA VITORIA FERRO', '19042@etec.sp.gov.br', '123', 19042, 'Integral', 'Desenvolvimento de sistemas', '3° ETIM', 'girl.png', 0),
	(146, 'LEONARDO ELIAS FERREIRA', '19136@etec.sp.gov.br', '123', 19136, 'Integral', 'Desenvolvimento de sistemas', '3° ETIM', 'boy.png', 0),
	(147, 'LIVIA ALBINO CASA', '19100@etec.sp.gov.br', '123', 19100, 'Integral', 'Desenvolvimento de sistemas', '3° ETIM', 'girl.png', 1),
	(148, 'LUAN PEREIRA RIBEIRO', '19056@etec.sp.gov.br', '123', 19056, 'Integral', 'Desenvolvimento de sistemas', '3° ETIM', 'boy.png', 0),
	(149, 'LUCAS DE SOUZA RIBEIRO', '19085@etec.sp.gov.br', '123', 19085, 'Integral', 'Desenvolvimento de sistemas', '3° ETIM', 'boy.png', 0),
	(150, 'LUIS FELIPE CORAINI SANTOS', '19135@etec.sp.gov.br', '123', 19135, 'Integral', 'Desenvolvimento de sistemas', '3° ETIM', 'boy.png', 0),
	(151, 'MARIA EDUARDA PEREIRA', '19036@etec.sp.gov.br', '123', 19036, 'Integral', 'Desenvolvimento de sistemas', '3° ETIM', 'girl.png', 0),
	(152, 'MARIA EDUARDA RODRIGUES MARTINS', '19109@etec.sp.gov.br', '123', 19109, 'Integral', 'Desenvolvimento de sistemas', '3° ETIM', 'girl.png', 0),
	(153, 'MATHEUS FELIPE BIAZOTTO', '19048@etec.sp.gov.br', '123', 19048, 'Integral', 'Desenvolvimento de sistemas', '3° ETIM', 'boy.png', 0),
	(154, 'MATHEUS MANZOLI PIRES', '19043@etec.sp.gov.br', '123', 19043, 'Integral', 'Desenvolvimento de sistemas', '3° ETIM', 'boy.png', 0),
	(155, 'NAIELY GABRIÉLLE BARBOSA CACIMIRO', '19176@etec.sp.gov.br', '123', 19176, 'Integral', 'Desenvolvimento de sistemas', '3° ETIM', 'girl.png', 1),
	(156, 'NATHALIA BATISTA DA SILVA', '19016@etec.sp.gov.br', '123456', 19016, 'Integral', 'Desenvolvimento de sistemas', '3° ETIM', 'girl.png', 0),
	(157, 'OTAVIO AUGUSTO COLUCCI DE OLIVEIRA', '19096@etec.sp.gov.br', '123', 19096, 'Integral', 'Desenvolvimento de sistemas', '3° ETIM', 'boy.png', 0),
	(158, 'RAINE VITORIA FELIX MOREIRA', '19018@etec.sp.gov.br', '123', 19018, 'Integral', 'Desenvolvimento de sistemas', '3° ETIM', 'girl.png', 0),
	(159, 'RENATO APARECIDO SOBREIRA CARDOSO', '19047@etec.sp.gov.br', '123', 19047, 'Integral', 'Desenvolvimento de sistemas', '3° ETIM', 'boy.png', 0),
	(160, 'STEPHANY FERRO DA SILVA', '19044@etec.sp.gov.br', '123', 19044, 'Integral', 'Desenvolvimento de sistemas', '3° ETIM', 'girl.png', 1),
	(161, 'VICTOR HUGO CANDIDO', '19102@etec.sp.gov.br', '123', 19102, 'Integral', 'Desenvolvimento de sistemas', '3° ETIM', 'boy.png', 0),
	(162, 'VITOR MARCELO DE SOUZA', '19045@etec.sp.gov.br', '123', 19045, 'Integral', 'Desenvolvimento de sistemas', '3° ETIM', 'boy.png', 1),
	(163, 'VITORIA QUEIROZ DOS SANTOS', '19024@etec.sp.gov.br', '123', 19024, 'Integral', 'Desenvolvimento de sistemas', '3° ETIM', 'girl.png', 0),
	(164, 'WILLIAN GUSTAVO DA SILVA RABELO', '19117@etec.sp.gov.br', '123', 19117, 'Integral', 'Desenvolvimento de sistemas', '3° ETIM', 'boy.png', 0),
	(190, 'AMANDA APARECIDA DE SOUSA', '21014@etec.sp.gov.br', '123', 21014, 'Integral', 'Administração', '1° ETIM', 'girl.png', 0),
	(191, 'ANA FLAVIA BARBOSA DA SILVA', '21006@etec.sp.gov.br', '123', 21006, 'Integral', 'Administração', '1° ETIM', 'girl.png', 0),
	(192, 'ANA JULIA POLICARPO', '21008@etec.sp.gov.br', '123', 21008, 'Integral', 'Administração', '1° ETIM', 'girl.png', 0),
	(193, 'ANA LAURA DE SOUZA', '21015@etec.sp.gov.br', '123', 21015, 'Integral', 'Administração', '1° ETIM', 'girl.png', 0),
	(194, 'ANA LAURA GONÇALVES', '21173@etec.sp.gov.br', '123', 21173, 'Integral', 'Administração', '1° ETIM', 'girl.png', 0),
	(195, 'BIANCA REIS', '21032@etec.sp.gov.br', '123', 21032, 'Integral', 'Administração', '1° ETIM', 'girl.png', 0),
	(196, 'BRENDA ALVES MENGUE', '21279@etec.sp.gov.br', '123', 21279, 'Integral', 'Administração', '1° ETIM', 'girl.png', 0),
	(197, 'CAMILA BARBOSA', '21028@etec.sp.gov.br', '123', 21028, 'Integral', 'Administração', '1° ETIM', 'girl.png', 0),
	(198, 'CLAYTON RODRIGO SOARES REVELIN', '21011@etec.sp.gov.br', '123', 21011, 'Integral', 'Administração', '1° ETIM', 'boy.png', 0),
	(199, 'ELLEN APARECIDA DE CARVALHO', '21001@etec.sp.gov.br', '123', 21001, 'Integral', 'Administração', '1° ETIM', 'girl.png', 0),
	(200, 'FABIANA MORAIS LIMA', '21018@etec.sp.gov.br', '123', 21018, 'Integral', 'Administração', '1° ETIM', 'girl.png', 0),
	(201, 'GEOVANA BEZERRA FERREIRA', '21026@etec.sp.gov.br', '123', 21026, 'Integral', 'Administração', '1° ETIM', 'girl.png', 0),
	(202, 'GIOVANA DOMINGUES RICETO', '21004@etec.sp.gov.br', '123', 21004, 'Integral', 'Administração', '1° ETIM', 'girl.png', 0),
	(203, 'HELENA ROMAO FELISBINO', '21025@etec.sp.gov.br', '123', 21025, 'Integral', 'Administração', '1° ETIM', 'girl.png', 0),
	(204, 'ISABELA SERAPIÃO', '21009@etec.sp.gov.br', '123', 21009, 'Integral', 'Administração', '1° ETIM', 'girl.png', 0),
	(205, 'ISABELI BOVOLENTA SANT\'ANNA', '21076@etec.sp.gov.br', '123', 21076, 'Integral', 'Administração', '1° ETIM', 'girl.png', 0),
	(206, 'LAURA ZORÉ', '21023@etec.sp.gov.br', '123', 21023, 'Integral', 'Administração', '1° ETIM', 'girl.png', 0),
	(207, 'LAURIANE SILVA DE MENEZES', '21019@etec.sp.gov.br', '123', 21019, 'Integral', 'Administração', '1° ETIM', 'girl.png', 0),
	(208, 'LEVI VIEIRA DE JESUS', '21002@etec.sp.gov.br', '123', 21002, 'Integral', 'Administração', '1° ETIM', 'boy.png', 0),
	(209, 'LIRIEL RESENDE RIBEIRO CARDOZO DOS SANTOS', '21030@etec.sp.gov.br', '123', 21030, 'Integral', 'Administração', '1° ETIM', 'boy.png', 0),
	(210, 'LÍVIA MACHADO MARQUES DA SILVA', '21012@etec.sp.gov.br', '123', 21012, 'Integral', 'Administração', '1° ETIM', 'girl.png', 0),
	(211, 'LUANA CRISTINA DE SOUSA GUIMARÃES', '21034@etec.sp.gov.br', '123', 21034, 'Integral', 'Administração', '1° ETIM', 'girl.png', 0),
	(212, 'LUANA MACHADO MARQUES', '21016@etec.sp.gov.br', '123', 21016, 'Integral', 'Administração', '1° ETIM', 'girl.png', 0),
	(213, 'MARIA BEATRIZ DA COSTA', '21021@etec.sp.gov.br', '123', 21021, 'Integral', 'Administração', '1° ETIM', 'girl.png', 0),
	(214, 'MARIA EDUARDA ALVES MACHADO', '21341@etec.sp.gov.br', '123', 21341, 'Integral', 'Administração', '1° ETIM', 'girl.png', 0),
	(215, 'MARIA EDUARDA DOS SANTOS CARDOSO', '21024@etec.sp.gov.br', '123', 21024, 'Integral', 'Administração', '1° ETIM', 'girl.png', 0),
	(216, 'MARIA EDUARDA GONÇALVES DA CUNHA', '21033@etec.sp.gov.br', '123', 21033, 'Integral', 'Administração', '1° ETIM', 'girl.png', 0),
	(217, 'MARIA EDUARDA SARUBBI BENTO', '21017@etec.sp.gov.br', '123', 21017, 'Integral', 'Administração', '1° ETIM', 'girl.png', 0),
	(218, 'MARINA OPENHEIMER CARDOSO', '21172@etec.sp.gov.br', '123', 21172, 'Integral', 'Administração', '1° ETIM', 'girl.png', 0),
	(219, 'NICOLLY REIS DE OLIVEIRA', '21174@etec.sp.gov.br', '123', 21174, 'Integral', 'Administração', '1° ETIM', 'girl.png', 0),
	(220, 'PEDRO GABRIEL LEME DA SILVA', '21194@etec.sp.gov.br', '123', 21194, 'Integral', 'Administração', '1° ETIM', 'boy.pgn', 0),
	(221, 'PRISCILA MAIARA PINHEIRO', '21029@etec.sp.gov.br', '123', 21029, 'Integral', 'Administração', '1° ETIM', 'girl.png', 0),
	(222, 'RAYSSA MARIA DE SOUZA BUENO', '21022@etec.sp.gov.br', '123', 21022, 'Integral', 'Administração', '1° ETIM', 'girl.png', 0),
	(223, 'SAMARA DOS SANTOS LACERDA', '21003@etec.sp.gov.br', '123', 21003, 'Integral', 'Administração', '1° ETIM', 'girl.png', 0),
	(224, 'SARA DE JESUS MALTEMPI', '21007@etec.sp.gov.br', '123', 21007, 'Integral', 'Administração', '1° ETIM', 'girl.png', 0),
	(225, 'SARAH SCARABELLO MARANGONI', '21013@etec.sp.gov.br', '123', 21013, 'Integral', 'Administração', '1° ETIM', 'girl.png', 0),
	(226, 'THAUANE LANZI ANTONIO', '21031@etec.sp.gov.br', '123', 21031, 'Integral', 'Administração', '1° ETIM', 'girl.png', 0),
	(227, 'VICTÓRIA MARIA DE MORAES', '21027@etec.sp.gov.br', '123', 21027, 'Integral', 'Administração', '1° ETIM', 'girl.png', 0),
	(228, 'VITORIA MALTEMPI', '21005@etec.sp.gov.br', '123', 21005, 'Integral', 'Administração', '1° ETIM', 'girl.png', 0),
	(253, 'ARTHUR CANTAGALLO', '21179@etec.sp.gov.br', '123', 21179, 'Manhã', 'Automação', '1° NOVOTEC', 'boy.png', 0),
	(254, 'ARTHUR DOS SANTOS FREITAS', '21083@etec.sp.gov.br', '123', 21083, 'Manhã', 'Automação', '1° NOVOTEC', 'boy.png', 0),
	(255, 'BÁRBARA VITÓRIA DO NASCIMENTO', '21178@etec.sp.gov.br', '123', 21178, 'Manhã', 'Automação', '1° NOVOTEC', 'girl.png', 0),
	(256, 'BRUNO FELIPE ALVES DOS SANTOS TEIXEIRA', '20137@etec.sp.gov.br', '123', 20137, 'Manhã', 'Automação', '1° NOVOTEC', 'boy.png', 0),
	(257, 'CAIO LIMA DA SILVA', '21219@etec.sp.gov.br', '123', 21219, 'Manhã', 'Automação', '1° NOVOTEC', 'boy.png', 0),
	(258, 'CRISTIAN MOURA VAZ', '21080@etec.sp.gov.br', '123', 21080, 'Manhã', 'Automação', '1° NOVOTEC', 'boy.png', 0),
	(259, 'FABIO EDUARDO DE CASTRO SAMPAIO MELLO', '21075@etec.sp.gov.br', '123', 21075, 'Manhã', 'Automação', '1° NOVOTEC', 'boy.png', 0),
	(260, 'FELIPE LATARINI SAVIO', '20039@etec.sp.gov.br', '123', 20039, 'Manhã', 'Automação', '1° NOVOTEC', 'boy.png', 0),
	(261, 'GABRIEL ALVES DA SILVA', '20138@etec.sp.gov.br', '123', 20138, 'Manhã', 'Automação', '1° NOVOTEC', 'boy.png', 0),
	(262, 'GABRIEL LEITE GONÇALVES', '21070@etec.sp.gov.br', '123', 21070, 'Manhã', 'Automação', '1° NOVOTEC', 'boy.png', 0),
	(263, 'GABRIELLY FERNANDES DA SILVA', '21184@etec.sp.gov.br', '123', 21184, 'Manhã', 'Automação', '1° NOVOTEC', 'girl.png', 0),
	(264, 'GEOVANA EDUARDA SIGNORETI RODRIGUES', '21073@etec.sp.gov.br', '123', 21073, 'Manhã', 'Automação', '1° NOVOTEC', 'girl.png', 0),
	(265, 'GIOVANI SILVA DE OLIVEIRA', '21071@etec.sp.gov.br', '123', 21071, 'Manhã', 'Automação', '1° NOVOTEC', 'boy.png', 0),
	(266, 'GIOVANI VINÍCIUS DO CARMO', '21182@etec.sp.gov.br', '123', 21182, 'Manhã', 'Automação', '1° NOVOTEC', 'boy.png', 0),
	(267, 'JÚLIA PEREIRA NUNES LIMA', '21081@etec.sp.gov.br', '123', 21081, 'Manhã', 'Automação', '1° NOVOTEC', 'girl.png', 0),
	(268, 'LUCAS GABRIEL DE OLIVEIRA', '21082@etec.sp.gov.br', '123', 21082, 'Manhã', 'Automação', '1° NOVOTEC', 'boy.png', 0),
	(269, 'LUÍS HENRIQUE CHAVES VIANA', '21185@etec.sp.gov.br', '123', 21185, 'Manhã', 'Automação', '1° NOVOTEC', 'boy.png', 0),
	(270, 'MARCELO CARVALHO FILHO', '21078@etec.sp.gov.br', '123', 21078, 'Manhã', 'Automação', '1° NOVOTEC', 'boy.png', 0),
	(271, 'MARCOS PAULO FERNANDES MATIAS', '20105@etec.sp.gov.br', '123', 20105, 'Manhã', 'Automação', '1° NOVOTEC', 'boy.png', 0),
	(272, 'MIGUEL CARLOS CUSTODIO DA SILVA', '21309@etec.sp.gov.br', '123', 21309, 'Manhã', 'Automação', '1° NOVOTEC', 'boy.png', 0),
	(273, 'NATHÁLIA CAMILY DIAS ALVES DA SILVA', '21202@etec.sp.gov.br', '123', 21202, 'Manhã', 'Automação', '1° NOVOTEC', 'girl.png', 0),
	(274, 'PABLO EDUARDO ANANIAS RODRIGUES', '20178@etec.sp.gov.br', '123', 20178, 'Manhã', 'Automação', '1° NOVOTEC', 'boy.png', 0),
	(275, 'PEDRO HENRIQUE DE OLIVEIRA GOUVEIA', '21074@etec.sp.gov.br', '123', 21074, 'Manhã', 'Automação', '1° NOVOTEC', 'boy.png', 0),
	(276, 'PEDRO HENRIQUE OBOLE', '21180@etec.sp.gov.br', '123', 21180, 'Manhã', 'Automação', '1° NOVOTEC', 'boy.png', 0),
	(277, 'RAQUEL GHIRALDI BALBINO', '21187@etec.sp.gov.br', '123', 21187, 'Manhã', 'Automação', '1° NOVOTEC', 'girl.png', 0),
	(278, 'SÉRGIO EVERALDO RAYMUNDO JÚNIOR', '21186@etec.sp.gov.br', '123', 21186, 'Manhã', 'Automação', '1° NOVOTEC', 'boy.png', 0),
	(279, 'STEPHANY VICTORIA REIS', '21193@etec.sp.gov.br', '123', 21193, 'Manhã', 'Automação', '1° NOVOTEC', 'boy.png', 0),
	(280, 'THAYANY VITÓRIA MACIEL CAVENAGHI', '21069@etec.sp.gov.br', '123', 21069, 'Manhã', 'Automação', '1° NOVOTEC', 'girl.png', 0),
	(281, 'THIAGO MATHEUS KATUKI SILVEIRA', '20388@etec.sp.gov.br', '123', 20388, 'Manhã', 'Automação', '1° NOVOTEC', 'boy.png', 0),
	(282, 'VICTOR GABRIEL PINHEIRO DOS SANTOS', '21373@etec.sp.gov.br', '123', 21373, 'Manhã', 'Automação', '1° NOVOTEC', 'boy.png', 0),
	(283, 'VINÍCIUS ALVES ALEXANDRE', '21072@etec.sp.gov.br', '123', 21072, 'Manhã', 'Automação', '1° NOVOTEC', 'boy.png', 0),
	(284, 'VINICIUS EDUARDO BORGES', '20159@etec.sp.gov.br', '123', 20159, 'Manhã', 'Automação', '1° NOVOTEC', 'boy.png', 0),
	(316, 'ADRIANO NASCIMENTO GONCALVES', '20034@etec.sp.gov.br', '123', 20034, 'Integral', 'Administração', '2° ETIM', 'boy.png', 0),
	(317, 'ALEFF NAALIEL DE CAMARGO', '20164@etec.sp.gov.br', '123', 20164, 'Integral', 'Administração', '2° ETIM', 'boy.png', 0),
	(318, 'ALLANA SILVA LIMA', '20080@etec.sp.gov.br', '123', 20080, 'Integral', 'Administração', '2° ETIM', 'girl.png', 0),
	(319, 'ALMIR VIEIRA FILHO', '20013@etec.sp.gov.br', '123', 20013, 'Integral', 'Administração', '2° ETIM', 'boy.png', 0),
	(320, 'AMANDA DE OLIVEIRA BATISTA', '20161@etec.sp.gov.br', '123', 20161, 'Integral', 'Administração', '2° ETIM', 'girl.png', 0),
	(321, 'AMANDA XAVIER LOUREIRO', '20141@etec.sp.gov.br', '123', 20141, 'Integral', 'Administração', '2° ETIM', 'girl.png', 0),
	(322, 'ANNA CLARA LACERDA', '20052@etec.sp.gov.br', '123', 20052, 'Integral', 'Administração', '2° ETIM', 'girl.png', 0),
	(323, 'AYSLAN HENRIQUE LUCAS', '20042@etec.sp.gov.br', '123', 20042, 'Integral', 'Administração', '2° ETIM', 'boy.png', 0),
	(324, 'BIANCA SIQUEIRA BRAGAGNOLLE', '20083@etec.sp.gov.br', '123', 20083, 'Integral', 'Administração', '2° ETIM', 'boy.png', 0),
	(325, 'BRUNO AURIEME BRAGA', '20066@etec.sp.gov.br', '123', 20066, 'Integral', 'Administração', '2° ETIM', 'boy.png', 0),
	(326, 'ERIK DANILO LIEL', '20098@etec.sp.gov.br', '123', 20098, 'Integral', 'Administração', '2° ETIM', 'boy.png', 0),
	(327, 'GABRIEL SOUZA DA CRUZ', '20149@etec.sp.gov.br', '123', 20149, 'Integral', 'Administração', '2° ETIM', 'boy.png', 0),
	(328, 'GABRIELA GUIMARAES PAULO', '20158@etec.sp.gov.br', '123', 20158, 'Integral', 'Administração', '2° ETIM', 'girl.png', 0),
	(329, 'GIOVANNA ALMEIDA DOS SANTOS', '20072@etec.sp.gov.br', '123', 20072, 'Integral', 'Administração', '2° ETIM', 'girl.png', 0),
	(330, 'GIOVANNA REIS ROSA', '20135@etec.sp.gov.br', '123', 20135, 'Integral', 'Administração', '2° ETIM', 'girl.png', 0),
	(331, 'GYOVANA EMANUELA PEREIRA BARBOZA', '20134@etec.sp.gov.br', '123', 20134, 'Integral', 'Administração', '2° ETIM', 'girl.png', 0),
	(332, 'IAGO DA SILVA LIMA', '20102@etec.sp.gov.br', '123', 20102, 'Integral', 'Administração', '2° ETIM', 'boy.png', 0),
	(333, 'ISABEL PEREIRA DA SILVA AUGUSTO', '20073@etec.sp.gov.br', '123', 20073, 'Integral', 'Administração', '2° ETIM', 'girl.png', 0),
	(334, 'ISABELA RIBEIRO', '20018@etec.sp.gov.br', '123', 20018, 'Integral', 'Administração', '2° ETIM', 'girl.png', 0),
	(335, 'JESSICA BIANCA PEREIRA', '19028@etec.sp.gov.br', '123', 19028, 'Integral', 'Administração', '2° ETIM', 'girl.png', 0),
	(336, 'JESSICA DE SOUSA RIBEIRO', '20145@etec.sp.gov.br', '123', 20145, 'Integral', 'Administração', '2° ETIM', 'girl.png', 0),
	(337, 'JULIA CAROLINE DA SILVA', '20022@etec.sp.gov.br', '123', 20022, 'Integral', 'Administração', '2° ETIM', 'girl.png', 0),
	(338, 'LARISSA CRISTINA ZANCO', '20024@etec.sp.gov.br', '123', 20024, 'Integral', 'Administração', '2° ETIM', 'girl.png', 0),
	(339, 'LARISSA VITORIA DE SOUZA VEDAN', '20231@etec.sp.gov.br', '123', 20231, 'Integral', 'Administração', '2° ETIM', 'girl.png', 0),
	(340, 'LAUANI SCANAVACHIA DO PRADO', '20094@etec.sp.gov.br', '123', 20094, 'Integral', 'Administração', '2° ETIM', 'girl.png', 0),
	(341, 'LAVINIA DE ANDRADE FERREIRA', '20262@etec.sp.gov.br', '123', 20262, 'Integral', 'Administração', '2° ETIM', 'girl.png', 0),
	(342, 'LEONARDO DE ANDRADE URSULINO', '20014@etec.sp.gov.br', '123', 20014, 'Integral', 'Administração', '2° ETIM', 'boy.png', 0),
	(343, 'MANOELA FIRMO DE OLIVEIRA', '20071@etec.sp.gov.br', '123', 20071, 'Integral', 'Administração', '2° ETIM', 'girl.png', 0),
	(344, 'MARCOS AURELIO DOS SANTOS', '20001@etec.sp.gov.br', '123', 20001, 'Integral', 'Administração', '2° ETIM', 'boy.png', 0),
	(345, 'MARIA EDUARDA BARADELLI DA COSTA', '20166@etec.sp.gov.br', '123', 20166, 'Integral', 'Administração', '2° ETIM', 'girl.png', 0),
	(346, 'MARIA EDUARDA LOPES BERGAMIN', '20067@etec.sp.gov.br', '123', 20067, 'Integral', 'Administração', '2° ETIM', 'girl.png', 0),
	(347, 'MARIA LAURA ANDRADE PIRES', '20033@etec.sp.gov.br', '123', 20033, 'Integral', 'Administração', '2° ETIM', 'girl.png', 0),
	(348, 'MARIA VITORIA MELO HENRIQUE', '20143@etec.sp.gov.br', '1234', 20143, 'Integral', 'Administração', '2° ETIM', 'girl.png', 0),
	(349, 'NICOLI ALVES DOS SANTOS', '20044@etec.sp.gov.br', '123', 20044, 'Integral', 'Administração', '2° ETIM', 'girl.png', 0),
	(350, 'NICOLI DA SILVA', '20257@etec.sp.gov.br', '123', 20257, 'Integral', 'Administração', '2° ETIM', 'girl.png', 0),
	(351, 'PIETRO FRANCESCO AZEVEDO MARTELLI', '20008@etec.sp.gov.br', '123', 20008, 'Integral', 'Administração', '2° ETIM', 'boy.png', 0),
	(352, 'RAFAEL MARÇAL ALVES', '20243@etec.sp.gov.br', '123', 20243, 'Integral', 'Administração', '2° ETIM', 'boy.png', 0),
	(353, 'RUAN LUCAS DE PAULA', '20081@etec.sp.gov.br', '123', 20081, 'Integral', 'Administração', '2° ETIM', 'boy.png', 0),
	(354, 'VITORIA LANA DE OLIVEIRA', '20222@etec.sp.gov.br', '2004', 20222, 'Integral', 'Administração', '2° ETIM', 'girl.png', 0),
	(379, 'ANTHONY FELIPE COMBE SOUZA', '20179@etec.sp.gov.br', '123', 20179, 'Manhã', 'Automação', '2° NOVOTEC', 'boy.png', 0),
	(380, 'BRUNO GUILHERME BEZERRA DA SILVA', '20061@etec.sp.gov.br', '123', 20061, 'Manhã', 'Automação', '2° NOVOTEC', 'boy.png', 0),
	(381, 'CAIO HENDRICKSON DA SILVA LOURENCO', '20155@etec.sp.gov.br', '123', 20155, 'Manhã', 'Automação', '2° NOVOTEC', 'boy.png', 0),
	(382, 'ERIC RYU SHIRATO YAMADA', '20104@etec.sp.gov.br', '123', 20104, 'Manhã', 'Automação', '2° NOVOTEC', 'boy.png', 0),
	(383, 'GUSTAVO DOS SANTOS CORREIA', '20019@etec.sp.gov.br', '123', 20019, 'Manhã', 'Automação', '2° NOVOTEC', 'boy.png', 0),
	(384, 'GUSTAVO SPORTORE NOVAIS', '20062@etec.sp.gov.br', '123', 20062, 'Manhã', 'Automação', '2° NOVOTEC', 'boy.png', 0),
	(385, 'IGOR HENRIQUE DA SILVA', '19164@etec.sp.gov.br', '123', 19164, 'Manhã', 'Automação', '2° NOVOTEC', 'boy.png', 0),
	(386, 'JENIFER BASTOS BARBOSA', '20132@etec.sp.gov.br', '123', 20132, 'Manhã', 'Automação', '2° NOVOTEC', 'girl.png', 0),
	(387, 'JOAO PEDRO SOARES JUNIOR', '19113@etec.sp.gov.br', '123', 19113, 'Manhã', 'Automação', '2° NOVOTEC', 'boy.png', 0),
	(388, 'JOÃO VICTOR MATIELLO GIRARDI', '20011@etec.sp.gov.br', '123', 20011, 'Manhã', 'Automação', '2° NOVOTEC', 'boy.png', 0),
	(389, 'KAUAN VINICIUS CARMO DA ROSA', '20091@etec.sp.gov.br', '123', 20091, 'Manhã', 'Automação', '2° NOVOTEC', 'boy.png', 0),
	(390, 'LISLIE VITORIA SOARES DA SILVA', '20079@etec.sp.gov.br', '123', 20079, 'Manhã', 'Automação', '2° NOVOTEC', 'girl.png', 0),
	(391, 'LUCAS PRADO DE LIMA', '20211@etec.sp.gov.br', '123', 20211, 'Manhã', 'Automação', '2° NOVOTEC', 'boy.png', 0),
	(392, 'LUCAS VERGOLINO MARTINS', '20116@etec.sp.gov.br', '123', 20116, 'Manhã', 'Automação', '2° NOVOTEC', 'boy.png', 0),
	(393, 'LUIS GUSTAVO ALMEIDA DOS SANTOS', '20016@etec.sp.gov.br', '123', 20016, 'Manhã', 'Automação', '2° NOVOTEC', 'boy.png', 0),
	(394, 'LUIZ HENRIQUE BONETTI DUARTE', '20075@etec.sp.gov.br', '123', 20075, 'Manhã', 'Automação', '2° NOVOTEC', 'boy.png', 0),
	(395, 'MATHEUS DE OLIVEIRA BARROS MOREIRA', '20162@etec.sp.gov.br', '123', 20162, 'Manhã', 'Automação', '2° NOVOTEC', 'boy.png', 0),
	(396, 'MATHEUS RODRIGUES VIEIRA', '20140@etec.sp.gov.br', '123', 20140, 'Manhã', 'Automação', '2° NOVOTEC', 'boy.png', 0),
	(397, 'MAYCON WESLEY DE CARVALHO', '20087@etec.sp.gov.br', '123', 20087, 'Manhã', 'Automação', '2° NOVOTEC', 'boy.png', 0),
	(398, 'NICOLLY BARRENSE PEREIRA', '18169@etec.sp.gov.br', '123', 18169, 'Manhã', 'Automação', '2° NOVOTEC', 'girl.png', 0),
	(399, 'PABLO MATHEUS LUIZ DE OLIVEIRA', '19104@etec.sp.gov.br', '123', 19104, 'Manhã', 'Automação', '2° NOVOTEC', 'boy.png', 0),
	(400, 'PAULO ELIAS VALLIM APARECIDO', '20048@etec.sp.gov.br', '123', 20048, 'Manhã', 'Automação', '2° NOVOTEC', 'boy.png', 0),
	(401, 'PEDRO HENRIQUE CAVALHERI DA SILVA', '20004@etec.sp.gov.br', '123', 20004, 'Manhã', 'Automação', '2° NOVOTEC', 'boy.png', 0),
	(402, 'REBECCA DO NASCIMENTO RITA', '20248@etec.sp.gov.br', '123', 20248, 'Manhã', 'Automação', '2° NOVOTEC', 'girl.png', 0),
	(403, 'VICTOR HUGO DO NASCIMENTO DOS SANTOS', '20127@etec.sp.gov.br', '123', 20127, 'Manhã', 'Automação', '2° NOVOTEC', 'boy.png', 0),
	(404, 'VICTOR MANOEL FERREIRA OLIVEIRA', '20151@etec.sp.gov.br', '123', 20151, 'Manhã', 'Automação', '2° NOVOTEC', 'boy.png', 0),
	(405, 'VINÍCIUS GABRIEL DE PAULA', '20172@etec.sp.gov.br', '123', 20172, 'Manhã', 'Automação', '2° NOVOTEC', 'boy.png', 0),
	(406, 'VINICIUS PASSOS DA SILVA', '19057@etec.sp.gov.br', '123', 19057, 'Manhã', 'Automação', '2° NOVOTEC', 'boy.png', 0),
	(407, 'VITOR DE OLIVEIRA CARDOSO', '20090@etec.sp.gov.br', '123', 20090, 'Manhã', 'Automação', '2° NOVOTEC', 'boy.png', 0),
	(408, 'VITOR HUGO BARBOSA DA SILVA', '20227@etec.sp.gov.br', '123', 20227, 'Manhã', 'Automação', '2° NOVOTEC', 'boy.png', 0),
	(409, 'YAN MURILO TEODORO', '20026@etec.sp.gov.br', '123', 20026, 'Manhã', 'Automação', '2° NOVOTEC', 'boy.png', 0),
	(410, 'AGUINALDO GABRIEL CARDOSO', '19064@etec.sp.gov.br', '123', 19064, 'Integral', 'Administração', '3° ETIM', 'boy.png', 0),
	(411, 'AMANDA RODRIGUES DA SILVA', '19063@etec.sp.gov.br', '123', 19063, 'Integral', 'Administração', '3° ETIM', 'girl.png', 0),
	(412, 'ANA LUIZA OLIVEIRA DE JESUS', '19065@etec.sp.gov.br', '123', 19065, 'Integral', 'Administração', '3° ETIM', 'girl.png', 0),
	(413, 'ASHYLEN PROFETA DE ALMEIDA', '19189@etec.sp.gov.br', '123', 19189, 'Integral', 'Administração', '3° ETIM', 'girl.png', 0),
	(414, 'BIANCA DA SILVA OLIVEIRA', '19082@etec.sp.gov.br', '123', 19082, 'Integral', 'Administração', '3° ETIM', 'girl.png', 0),
	(415, 'CARLA BEATRIZ ANDREAZI IZIDORO', '19148@etec.sp.gov.br', '123', 19148, 'Integral', 'Administração', '3° ETIM', 'girl.png', 0),
	(416, 'CARLOS GUSTAVO BASSI DA SILVA', '19060@etec.sp.gov.br', '123', 19060, 'Integral', 'Administração', '3° ETIM', 'boy.png', 0),
	(417, 'CAROLINE BIANCA LIRA DA SILVA', '19021@etec.sp.gov.br', '123', 19021, 'Integral', 'Administração', '3° ETIM', 'girl.png', 0),
	(418, 'EDUARDO GABRIEL FARIAS', '19074@etec.sp.gov.br', '123', 19074, 'Integral', 'Administração', '3° ETIM', 'boy.png', 0),
	(419, 'ÉRIKA PERCEBON DE SOUZA', '19165@etec.sp.gov.br', '123', 19165, 'Integral', 'Administração', '3° ETIM', 'girl.png', 0),
	(420, 'GABRIEL DOS SANTOS OLIVEIRA', '19014@etec.sp.gov.br', '123', 19014, 'Integral', 'Administração', '3° ETIM', 'boy.png', 0),
	(421, 'HELLEN CRISTINA LOPES DOS SANTOS', '20288@etec.sp.gov.br', '123', 20288, 'Integral', 'Administração', '3° ETIM', 'girl.png', 0),
	(422, 'JEOVANA CARDOSO DIAS', '19154@etec.sp.gov.br', '123', 19154, 'Integral', 'Administração', '3° ETIM', 'girl.png', 0),
	(423, 'JHORDAN MICHEL GIMENES DO CARMO', '19061@etec.sp.gov.br', '123', 19061, 'Integral', 'Administração', '3° ETIM', 'boy.png', 0),
	(424, 'JOSE EDUARDO GISLOTTI', '19103@etec.sp.gov.br', '123', 19103, 'Integral', 'Administração', '3° ETIM', 'boy.png', 0),
	(425, 'JÚLIA APARECIDA DE LIMA', '19105@etec.sp.gov.br', '123', 19105, 'Integral', 'Administração', '3° ETIM', 'girl.png', 0),
	(426, 'JÚLIA FERRACINI DOS SANTOS', '19169@etec.sp.gov.br', '123', 19169, 'Integral', 'Administração', '3° ETIM', 'girl.png', 0),
	(427, 'JÚLIA GREGHI', '19157@etec.sp.gov.br', '123', 19157, 'Integral', 'Administração', '3° ETIM', 'girl.png', 0),
	(428, 'JÚLIA STÉFANY PORTA', '19123@etec.sp.gov.br', '123', 19123, 'Integral', 'Administração', '3° ETIM', 'girl.png', 0),
	(429, 'JÚLIA VITÓRIA DO NASCIMENTO MENDES', '19125@etec.sp.gov.br', '123', 19125, 'Integral', 'Administração', '3° ETIM', 'girl.png', 0),
	(430, 'LAURA VEIDA DE OLIVEIRA SANTANA', '19086@etec.sp.gov.br', '123', 19086, 'Integral', 'Administração', '3° ETIM', 'girl.png', 0),
	(431, 'LETÍCIA CAROLINA POLICARPO SILVA', '19140@etec.sp.gov.br', '123', 19140, 'Integral', 'Administração', '3° ETIM', 'girl.png', 0),
	(432, 'LETICIA KOSTECKI OLIVEIRA', '19079@etec.sp.gov.br', '123', 19079, 'Integral', 'Administração', '3° ETIM', 'girl.png', 0),
	(433, 'LIDIANY CEREGATTI', '19053@etec.sp.gov.br', '123', 19053, 'Integral', 'Administração', '3° ETIM', 'girl.png', 0),
	(434, 'LORENA FELÍCIA MARINS ZANCHETTA', '19107@etec.sp.gov.br', '123', 19107, 'Integral', 'Administração', '3° ETIM', 'girl.png', 0),
	(435, 'MAÍRA EDUARDA GONÇALVES', '19094@etec.sp.gov.br', '123', 19094, 'Integral', 'Administração', '3° ETIM', 'girl.png', 0),
	(436, 'MARIA EDUARDA FONSECA HONORATO', '19133@etec.sp.gov.br', '123', 19133, 'Integral', 'Administração', '3° ETIM', 'girl.png', 0),
	(437, 'MARIA EDUARDA SIQUEIRA FERREIRA', '19034@etec.sp.gov.br', '123', 19034, 'Integral', 'Administração', '3° ETIM', 'girl.png', 0),
	(438, 'MARIA EDUARDA SOARES BARBOSA', '19155@etec.sp.gov.br', '123', 19155, 'Integral', 'Administração', '3° ETIM', 'girl.png', 0),
	(439, 'PAULO EDUARDO SANTOS DA ROCHA', '19116@etec.sp.gov.br', '123', 19116, 'Integral', 'Administração', '3° ETIM', 'boy.png', 0),
	(440, 'PAULO VICTOR MIANTI JESUÍNO', '19077@etec.sp.gov.br', '123', 19077, 'Integral', 'Administração', '3° ETIM', 'boy.png', 0),
	(441, 'RAYANNE CHRISTHINE FERNANDES PAULA', '19015@etec.sp.gov.br', '123', 19015, 'Integral', 'Administração', '3° ETIM', 'girl.png', 0),
	(442, 'TAMYRIS SANTOS DE QUEIROS', '19084@etec.sp.gov.br', '123', 19084, 'Integral', 'Administração', '3° ETIM', 'girl.png', 0),
	(443, 'THAIS MINELI DE LIMA', '19119@etec.sp.gov.br', '123', 19119, 'Integral', 'Administração', '3° ETIM', 'girl.png', 0),
	(444, 'VINICIUS ARAUJO DE FREITAS', '19010@etec.sp.gov.br', '123', 19010, 'Integral', 'Administração', '3° ETIM', 'boy.png', 0),
	(445, 'VÍTOR HENRIQUE DA SILVA REIS', '19111@etec.sp.gov.br', '123', 19111, 'Integral', 'Administração', '3° ETIM', 'boy.png', 0),
	(446, 'YASMIN APARECIDA DE OLIVEIRA ANTONIO', '19037@etec.sp.gov.br', '123', 19037, 'Integral', 'Administração', '3° ETIM', 'girl.png', 0),
	(447, 'YASMIN GOULART PEREIRA', '20289@etec.sp.gov.br', '123', 20289, 'Integral', 'Administração', '3° ETIM', 'girl.png', 0),
	(473, 'BRAYAN ADAUTO MARQUES BARBOSA', '19046@etec.sp.gov.br', '123', 19046, 'Integral', 'Automação', '3° ETIM', 'boy.png', 0),
	(474, 'CAUÃ DANIEL ZANCHETTA', '19114@etec.sp.gov.br', '123', 19114, 'Integral', 'Automação', '3° ETIM', 'boy.png', 0),
	(475, 'DANIEL CASAGRANDE BRAMBILA', '19026@etec.sp.gov.br', '123', 19026, 'Integral', 'Automação', '3° ETIM', 'boy.png', 0),
	(476, 'DIEGO DE SOUZA MOREIRA', '19012@etec.sp.gov.br', '123', 19012, 'Integral', 'Automação', '3° ETIM', 'boy.png', 0),
	(477, 'EVELLYN CRISTINA CASTELLANI ALIPIO', '19139@etec.sp.gov.br', '123', 19139, 'Integral', 'Automação', '3° ETIM', 'girl.png', 0),
	(478, 'FELIPE BOVOLENTA DOS REIS', '19007@etec.sp.gov.br', '123', 19007, 'Integral', 'Automação', '3° ETIM', 'boy.png', 0),
	(479, 'FELIPE DE SOUZA AUGUSTO', '19066@etec.sp.gov.br', '123', 19066, 'Integral', 'Automação', '3° ETIM', 'boy.png', 0),
	(480, 'GIANCARLO DE MORAES RIBEIRO', '19090@etec.sp.gov.br', '123', 19090, 'Integral', 'Automação', '3° ETIM', 'boy.png', 0),
	(481, 'GIOVANI SILVEIRA DOS SANTOS', '19011@etec.sp.gov.br', '123', 19011, 'Integral', 'Automação', '3° ETIM', 'boy.png', 0),
	(482, 'GUILHERME DOMINGUES DE LIMA', '19040@etec.sp.gov.br', '123', 19040, 'Integral', 'Automação', '3° ETIM', 'boy.png', 0),
	(483, 'GUILHERME MATHEUS SILVA LUCENA', '19005@etec.sp.gov.br', '123', 19005, 'Integral', 'Automação', '3° ETIM', 'boy.png', 0),
	(484, 'GUILHERME NUNES DE SENA', '18232@etec.sp.gov.br', '123', 18232, 'Integral', 'Automação', '3° ETIM', 'boy.png', 0),
	(485, 'GUSTAVO DE MEIRA QUINTALE ALVES', '19059@etec.sp.gov.br', '123', 19059, 'Integral', 'Automação', '3° ETIM', 'boy.png', 0),
	(486, 'KEVIN LUCAS PESSOA DA SILVA', '19122@etec.sp.gov.br', '123', 19122, 'Integral', 'Automação', '3° ETIM', 'boy.png', 0),
	(487, 'LEONARDO BEZERRA SANTOS SILVA', '19101@etec.sp.gov.br', '123', 19101, 'Integral', 'Automação', '3° ETIM', 'boy.png', 0),
	(488, 'LEONARDO HENRIQUE CABRERA GOMES', '19201@etec.sp.gov.br', '123', 19201, 'Integral', 'Automação', '3° ETIM', 'boy.png', 0),
	(489, 'LEONARDO VÍTOR VIEIRA DE SOUZA', '19098@etec.sp.gov.br', '123', 19098, 'Integral', 'Automação', '3° ETIM', 'boy.png', 0),
	(490, 'LUÍS GUSTAVO ANSELMO', '19013@etec.sp.gov.br', '123', 19013, 'Integral', 'Automação', '3° ETIM', 'boy.png', 0),
	(491, 'MARIA VITÓRIA FERREIRA GOMES DA SILVA', '19052@etec.sp.gov.br', '123', 19052, 'Integral', 'Automação', '3° ETIM', 'girl.png', 0),
	(492, 'MATHEUS LIMA PEREIRA DA SILVA', '19083@etec.sp.gov.br', '123', 19083, 'Integral', 'Automação', '3° ETIM', 'boy.png', 0),
	(493, 'MAYCON ABNER DE ASSIS', '19004@etec.sp.gov.br', '123', 19004, 'Integral', 'Automação', '3° ETIM', 'boy.png', 0),
	(494, 'MELISSA MEDEIROS PELECHATI', '19069@etec.sp.gov.br', '123', 19069, 'Integral', 'Automação', '3° ETIM', 'girl.png', 0),
	(495, 'OSVALDO SILVESTRE NETO', '18015@etec.sp.gov.br', '123', 18015, 'Integral', 'Automação', '3° ETIM', 'boy.png', 0),
	(496, 'PEDRO HENRIQUE BRIGNOLI DA SILVA', '19088@etec.sp.gov.br', '123', 19088, 'Integral', 'Automação', '3° ETIM', 'boy.png', 0),
	(497, 'PIETRA LOUISE COSTA DA SILVA', '19009@etec.sp.gov.br', '123', 19009, 'Integral', 'Automação', '3° ETIM', 'girl.png', 0),
	(498, 'RAPHAEL NASCIMENTO DA SILVA', '19049@etec.sp.gov.br', '123', 19049, 'Integral', 'Automação', '3° ETIM', 'boy.png', 0),
	(499, 'ROBERTO DA SILVA JÚNIOR', '19146@etec.sp.gov.br', '123', 19146, 'Integral', 'Automação', '3° ETIM', 'boy.png', 0),
	(500, 'SERGIO HENRIQUE SEMOLINI FILHO', '19076@etec.sp.gov.br', '123', 19076, 'Integral', 'Automação', '3° ETIM', 'boy.png', 0),
	(501, 'VITOR DE AGUIAR MARIANO', '19167@etec.sp.gov.br', '123', 19167, 'Integral', 'Automação', '3° ETIM', 'boy.png', 0),
	(502, 'VITOR HUGO DE MORAIS', '19023@etec.sp.gov.br', '123', 19023, 'Integral', 'Automação', '3° ETIM', 'boy.png', 0),
	(503, 'VITÓRIA RAFAELLY NOGUEIRA', '18077@etec.sp.gov.br', '123', 18077, 'Integral', 'Automação', '3° ETIM', 'girl.png', 0),
	(504, 'ANA JÚLIA ZANCHETTA', '21281@etec.sp.gov.br', '123', 21281, 'Tarde', 'Eletrônica', '1° NOVOTEC', 'girl.png', 0),
	(505, 'ANA LAURA DA SILVA BARBOSA', '21101@etec.sp.gov.br', '123', 21101, 'Tarde', 'Eletrônica', '1° NOVOTEC', 'girl.png', 0),
	(506, 'BRENDA DE SOUZA SANTOS BUENO', '21189@etec.sp.gov.br', '123', 21189, 'Tarde', 'Eletrônica', '1° NOVOTEC', 'girl.png', 0),
	(507, 'BRUNO DO PRADO SANTOS', '20264@etec.sp.gov.br', '123', 20264, 'Tarde', 'Eletrônica', '1° NOVOTEC', 'boy.png', 0),
	(508, 'CAIO FERREIRA', '21097@etec.sp.gov.br', '123', 21097, 'Tarde', 'Eletrônica', '1° NOVOTEC', 'boy.png', 0),
	(509, 'CLEBER DOS REIS RODRIGUES', '20121@etec.sp.gov.br', '123', 20121, 'Tarde', 'Eletrônica', '1° NOVOTEC', 'boy.png', 0),
	(510, 'EDUARDO FRANCISCO DA LUZ', '21188@etec.sp.gov.br', '123', 21188, 'Tarde', 'Eletrônica', '1° NOVOTEC', 'boy.png', 0),
	(511, 'FABIO FOGAÇA', '21100@etec.sp.gov.br', '123', 21100, 'Tarde', 'Eletrônica', '1° NOVOTEC', 'boy.png', 0),
	(512, 'FELIPE ELIAS INDALECIO', '21091@etec.sp.gov.br', '123', 21091, 'Tarde', 'Eletrônica', '1° NOVOTEC', 'boy.png', 0),
	(513, 'FERNANDO VOLPATO DOS SANTOS', '21095@etec.sp.gov.br', '123', 21095, 'Tarde', 'Eletrônica', '1° NOVOTEC', 'boy.png', 0),
	(514, 'GUILHERME DOS SANTOS NUNES', '21190@etec.sp.gov.br', '123', 21190, 'Tarde', 'Eletrônica', '1° NOVOTEC', 'boy.png', 0),
	(515, 'ISAAC GUILHERME ROSA', '21191@etec.sp.gov.br', '123', 21191, 'Tarde', 'Eletrônica', '1° NOVOTEC', 'boy.png', 0),
	(516, 'JOÃO MARCOS IMBUAVA MARCONDES', '20237@etec.sp.gov.br', '123', 20237, 'Tarde', 'Eletrônica', '1° NOVOTEC', 'boy.png', 0),
	(517, 'JOSÉ HENRIQUE AMORIM SILVA', '21090@etec.sp.gov.br', '123', 21090, 'Tarde', 'Eletrônica', '1° NOVOTEC', 'boy.png', 0),
	(518, 'KAUÃ DA PAZ AURIEME', '21088@etec.sp.gov.br', '123', 21088, 'Tarde', 'Eletrônica', '1° NOVOTEC', 'boy.png', 0),
	(519, 'KAUÃ MOTA SANTOS', '20133@etec.sp.gov.br', '123', 20133, 'Tarde', 'Eletrônica', '1° NOVOTEC', 'boy.png', 0),
	(520, 'KAYKE JEFFERSON LOPES THEODORO', '20239@etec.sp.gov.br', '123', 20239, 'Tarde', 'Eletrônica', '1° NOVOTEC', 'boy.png', 0),
	(521, 'LIVIA SOPHIA RODRIGUES GOMES', '21094@etec.sp.gov.br', '123', 21094, 'Tarde', 'Eletrônica', '1° NOVOTEC', 'girl.png', 0),
	(522, 'MARCELO AUGUSTO MANARA DE ABREU', '21084@etec.sp.gov.br', '123', 21084, 'Tarde', 'Eletrônica', '1° NOVOTEC', 'boy.png', 0),
	(523, 'MATHEUS DE MELLO PAIXÃO', '21192@etec.sp.gov.br', '123', 21192, 'Tarde', 'Eletrônica', '1° NOVOTEC', 'boy.png', 0),
	(524, 'MATHEUS FELIPI DOS REIS SOUZA', '20247@etec.sp.gov.br', '123', 20247, 'Tarde', 'Eletrônica', '1° NOVOTEC', 'boy.png', 0),
	(525, 'MIGUEL DIAS FERRAZ', '21098@etec.sp.gov.br', '123', 21098, 'Tarde', 'Eletrônica', '1° NOVOTEC', 'boy.png', 0),
	(526, 'MIRIÃ ESTER FERREIRA DE ANDRADE', '21092@etec.sp.gov.br', '123', 21092, 'Tarde', 'Eletrônica', '1° NOVOTEC', 'girl.png', 0),
	(527, 'PABLO GUSTAVO NOGUEIRA ALVES', '21199@etec.sp.gov.br', '123', 21199, 'Tarde', 'Eletrônica', '1° NOVOTEC', 'boy.png', 0),
	(528, 'RAFAELA VITÓRIA FORGATI', '21087@etec.sp.gov.br', '123', 21087, 'Tarde', 'Eletrônica', '1° NOVOTEC', 'girl.png', 0),
	(529, 'VICTOR JOSÉ DOS SANTOS', '21099@etec.sp.gov.br', '123', 21099, 'Tarde', 'Eletrônica', '1° NOVOTEC', 'boy.png', 0),
	(530, 'VINÍCIUS BARBOSA SAMPAIO', '21085@etec.sp.gov.br', '123', 21085, 'Tarde', 'Eletrônica', '1° NOVOTEC', 'boy.png', 0),
	(531, 'VINICIUS ROCHA MACHADO', '21374@etec.sp.gov.br', '123', 21374, 'Tarde', 'Eletrônica', '1° NOVOTEC', 'boy.png', 0),
	(532, 'VÍTOR CARVALHO DA SILVA', '20113@etec.sp.gov.br', '123', 20113, 'Tarde', 'Eletrônica', '1° NOVOTEC', 'boy.png', 0),
	(533, 'VITOR LUIZ MASCARO FERREIRA', '21198@etec.sp.gov.br', '123', 21198, 'Tarde', 'Eletrônica', '1° NOVOTEC', 'boy.png', 0),
	(535, 'ANA RAIANE RODRIGUES PINTO', '20258@etec.sp.gov.br', '123', 20258, 'Tarde', 'Eletrônica', '2° NOVOTEC', 'girl.png', 0),
	(536, 'DAVI FRANCISCO', '20165@etec.sp.gov.br', '123', 20165, 'Tarde', 'Eletrônica', '2° NOVOTEC', 'boy.png', 0),
	(537, 'EDUARDO FRANCO SECO', '20112@etec.sp.gov.br', '123', 20112, 'Tarde', 'Eletrônica', '2° NOVOTEC', 'boy.png', 0),
	(538, 'FELIPE HENRIQUE DE MORAES FERREIRA', '20056@etec.sp.gov.br', '123', 20056, 'Tarde', 'Eletrônica', '2° NOVOTEC', 'boy.png', 0),
	(539, 'FERNANDO HENRIQUE DOS REIS FILHO', '20223@etec.sp.gov.br', '123', 20223, 'Tarde', 'Eletrônica', '2° NOVOTEC', 'boy.png', 0),
	(540, 'GABRIEL DUQUE FERREIRA', '20125@etec.sp.gov.br', '123', 20125, 'Tarde', 'Eletrônica', '2° NOVOTEC', 'boy.png', 0),
	(541, 'GABRIEL MATOS DE SOUZA', '20038@etec.sp.gov.br', '123', 20038, 'Tarde', 'Eletrônica', '2° NOVOTEC', 'boy.png', 0),
	(542, 'GABRIEL PELEGRINO', '20224@etec.sp.gov.br', '123', 20224, 'Tarde', 'Eletrônica', '2° NOVOTEC', 'boy.png', 0),
	(543, 'ISAAC LUIS FALCAO SANTANA', '20240@etec.sp.gov.br', '123', 20240, 'Tarde', 'Eletrônica', '2° NOVOTEC', 'boy.png', 0),
	(544, 'JOAO LUCAS RODRIGUES ROSA', '20190@etec.sp.gov.br', '123', 20190, 'Tarde', 'Eletrônica', '2° NOVOTEC', 'boy.png', 0),
	(545, 'KAUE VITOR CARMO DA ROSA', '20230@etec.sp.gov.br', '123', 20230, 'Tarde', 'Eletrônica', '2° NOVOTEC', 'boy.png', 0),
	(546, 'KÉLVIN OLIVEIRA GONÇALVES', '20249@etec.sp.gov.br', '123', 20249, 'Tarde', 'Eletrônica', '2° NOVOTEC', 'boy.png', 0),
	(547, 'LARISSA CREPALDI ALVES DE OLIVEIRA', '20290@etec.sp.gov.br', '123', 20290, 'Tarde', 'Eletrônica', '2° NOVOTEC', 'girl.png', 0),
	(548, 'LEONARDO COPELI DE LIMA RAMOS', '20003@etec.sp.gov.br', '123', 20003, 'Tarde', 'Eletrônica', '2° NOVOTEC', 'boy.png', 0),
	(549, 'MARIO AUGUSTO VIEIRA ARALDO', '20235@etec.sp.gov.br', '123', 20235, 'Tarde', 'Eletrônica', '2° NOVOTEC', 'boy.png', 0),
	(550, 'RAFAEL MAZIERO SOUZA', '20246@etec.sp.gov.br', '123', 20246, 'Tarde', 'Eletrônica', '2° NOVOTEC', 'boy.png', 0),
	(551, 'RENAN CALDANA DE MORAES', '20245@etec.sp.gov.br', '123', 20245, 'Tarde', 'Eletrônica', '2° NOVOTEC', 'boy.png', 0),
	(552, 'THIAGO CRISTIANO ORSOLI', '20150@etec.sp.gov.br', '123', 20150, 'Tarde', 'Eletrônica', '2° NOVOTEC', 'boy.png', 0),
	(553, 'VICTOR HUGO DA SILVA ANTUNES', '20009@etec.sp.gov.br', '123', 20029, 'Tarde', 'Eletrônica', '2° NOVOTEC', 'boy.png', 0),
	(554, 'VITOR HUGO RAMOS DE GODOI', '20070@etec.sp.gov.br', '123', 20070, 'Tarde', 'Eletrônica', '2° NOVOTEC', 'boy.png', 0);
/*!40000 ALTER TABLE `tab_usuarios` ENABLE KEYS */;

-- Copiando estrutura para view eurote42_tcc.view_emprestimo
-- Criando tabela temporária para evitar erros de dependência de VIEW
CREATE TABLE `view_emprestimo` (
	`id` INT(11) NOT NULL,
	`id_aluno` INT(11) NOT NULL,
	`nome` VARCHAR(100) NOT NULL COLLATE 'utf8_unicode_ci',
	`titulo` VARCHAR(100) NOT NULL COLLATE 'utf8_unicode_ci',
	`numero_ticket` VARCHAR(13) NOT NULL COLLATE 'utf8_unicode_ci',
	`data_emprestimo` DATE NOT NULL,
	`data_entrega` DATE NOT NULL
) ENGINE=MyISAM;

-- Copiando estrutura para view eurote42_tcc.view_livro
-- Criando tabela temporária para evitar erros de dependência de VIEW
CREATE TABLE `view_livro` (
	`tombo` INT(11) NOT NULL,
	`titulo` VARCHAR(100) NOT NULL COLLATE 'utf8_unicode_ci',
	`subtitulo` VARCHAR(100) NOT NULL COLLATE 'utf8_unicode_ci',
	`volume` VARCHAR(10) NOT NULL COLLATE 'utf8_unicode_ci',
	`edicao` VARCHAR(8) NOT NULL COLLATE 'utf8_unicode_ci',
	`disponivel` TINYINT(4) NOT NULL,
	`exemplar` INT(11) NOT NULL,
	`autor` VARCHAR(100) NOT NULL COLLATE 'utf8_unicode_ci',
	`editora` VARCHAR(100) NOT NULL COLLATE 'utf8_unicode_ci',
	`procedencia` VARCHAR(15) NOT NULL COLLATE 'utf8_unicode_ci',
	`cutter` VARCHAR(15) NOT NULL COLLATE 'utf8_unicode_ci',
	`ano_publicacao` INT(11) NOT NULL,
	`isbn` VARCHAR(30) NOT NULL COLLATE 'utf8_unicode_ci',
	`capa` VARCHAR(50) NOT NULL COLLATE 'utf8_unicode_ci',
	`sinopse` LONGTEXT NOT NULL COLLATE 'utf8_unicode_ci',
	`categoria` VARCHAR(30) NOT NULL COLLATE 'utf8_unicode_ci'
) ENGINE=MyISAM;

-- Copiando estrutura para view eurote42_tcc.view_emprestimo
-- Removendo tabela temporária e criando a estrutura VIEW final
DROP TABLE IF EXISTS `view_emprestimo`;
CREATE ALGORITHM=UNDEFINED SQL SECURITY DEFINER VIEW `view_emprestimo` AS select `tab_emprestimos`.`id` AS `id`,`tab_emprestimos`.`id_aluno` AS `id_aluno`,`tab_usuarios`.`nome` AS `nome`,`tab_livros`.`titulo` AS `titulo`,`tab_emprestimos`.`numero_ticket` AS `numero_ticket`,`tab_emprestimos`.`data_emprestimo` AS `data_emprestimo`,`tab_emprestimos`.`data_entrega` AS `data_entrega` from ((`tab_emprestimos` join `tab_usuarios` on((`tab_emprestimos`.`id_aluno` = `tab_usuarios`.`id`))) join `tab_livros` on((`tab_emprestimos`.`id_livro` = `tab_livros`.`tombo`)));

-- Copiando estrutura para view eurote42_tcc.view_livro
-- Removendo tabela temporária e criando a estrutura VIEW final
DROP TABLE IF EXISTS `view_livro`;
CREATE ALGORITHM=UNDEFINED SQL SECURITY DEFINER VIEW `view_livro` AS select `tab_livros`.`tombo` AS `tombo`,`tab_livros`.`titulo` AS `titulo`,`tab_livros`.`subtitulo` AS `subtitulo`,`tab_livros`.`volume` AS `volume`,`tab_livros`.`edicao` AS `edicao`,`tab_livros`.`disponivel` AS `disponivel`,`tab_livros`.`exemplar` AS `exemplar`,`tab_livros`.`autor` AS `autor`,`tab_livros`.`editora` AS `editora`,`tab_livros`.`procedencia` AS `procedencia`,`tab_livros`.`cutter` AS `cutter`,`tab_livros`.`ano_publicacao` AS `ano_publicacao`,`tab_livros`.`isbn` AS `isbn`,`tab_livros`.`capa` AS `capa`,`tab_livros`.`sinopse` AS `sinopse`,`tab_categorias`.`categoria` AS `categoria` from (`tab_livros` join `tab_categorias` on((`tab_livros`.`id_categoria` = `tab_categorias`.`id`)));

/*!40101 SET SQL_MODE=IFNULL(@OLD_SQL_MODE, '') */;
/*!40014 SET FOREIGN_KEY_CHECKS=IF(@OLD_FOREIGN_KEY_CHECKS IS NULL, 1, @OLD_FOREIGN_KEY_CHECKS) */;
/*!40101 SET CHARACTER_SET_CLIENT=@OLD_CHARACTER_SET_CLIENT */;
